timestamp;seconds_elapsed;acc_z;acc_y;acc_x;gyro_z;gyro_y;gyro_x
1768416580584848600;0.0458486328125;0.08905029296875;-0.9775390625;-0.1263427734375;-0.0126707879826426;-0.0044690505601465;-0.0157725717872381
1768416580594849500;0.055849609375;0.091583251953125;-0.9769134521484376;-0.12640380859375;-0.0071615064516663;-0.0003166498499922;-0.0149214249104261
1768416580604850400;0.065850341796875;0.092315673828125;-0.983062744140625;-0.1259613037109375;-0.0058134142309427;0.0034650389570742;-0.0185651630163192
1768416580614852400;0.075852294921875;0.09063720703125;-0.9875335693359376;-0.1262969970703125;-0.0045974147506058;0.0103386575356125;-0.0217590909451246
1768416580624853500;0.085853515625;0.0913848876953125;-0.9915618896484376;-0.127655029296875;-0.0076896110549569;0.013734720647335;-0.0301618967205286
1768416580634854700;0.095854736328125;0.0933074951171875;-0.993896484375;-0.1280364990234375;-0.0075532575137913;0.0148468567058444;-0.0307560488581657
1768416580644856600;0.105856689453125;0.0901031494140625;-0.9921875;-0.1251678466796875;-0.0076659093610942;0.0175331868231296;-0.027058782055974
1768416580654857700;0.115857666015625;0.0866546630859375;-0.990692138671875;-0.121124267578125;-0.0059899818152189;0.0201279055327177;-0.0231505930423736
1768416580664858600;0.125858642578125;0.0870819091796875;-0.991790771484375;-0.121734619140625;-0.0053340452723205;0.0256041623651981;-0.0217449758201837
1768416580674859500;0.135859619140625;0.089019775390625;-0.993316650390625;-0.1248321533203125;-0.004881574306637;0.0305832084268331;-0.0277283005416393
1768416580684861400;0.145861328125;0.089630126953125;-0.992218017578125;-0.1290435791015625;-0.0073961308225989;0.0371580198407173;-0.0350304208695888
1768416580694862600;0.155862548828125;0.0839080810546875;-0.99078369140625;-0.1314239501953125;-0.0121820978820323;0.0389641784131526;-0.0350786261260509
1768416580704863500;0.165863525390625;0.078704833984375;-0.9890899658203124;-0.1302337646484375;-0.0130380373448133;0.0440212525427341;-0.028743764385581
1768416580714865400;0.175865478515625;0.078643798828125;-0.9874420166015624;-0.131744384765625;-0.0131480265408754;0.0511500015854835;-0.0246787145733833
1768416580724866600;0.185866455078125;0.0785980224609375;-0.9919281005859376;-0.1356353759765625;-0.0097178751602768;0.0566318556666374;-0.0282923579216003
1768416580734867500;0.195867431640625;0.077362060546875;-0.9962005615234376;-0.13751220703125;-0.0082680499181151;0.0654328018426895;-0.0396414175629615
1768416580744869400;0.205869384765625;0.077667236328125;-0.997650146484375;-0.1409759521484375;-0.0042994073592126;0.0713223814964294;-0.0501169636845588
1768416580754870500;0.21587060546875;0.0753326416015625;-0.9952545166015624;-0.1446990966796875;-0.0005643238546326;0.0812208205461502;-0.0573253408074379
1768416580764871700;0.22587158203125;0.0750579833984375;-0.9926605224609376;-0.1490478515625;0.0043739755637943;0.0922822579741478;-0.0733964517712593
1768416580774872600;0.23587255859375;0.0728759765625;-0.98785400390625;-0.15533447265625;0.0070733558386564;0.1013407334685325;-0.0957044214010238
1768416580784874500;0.24587451171875;0.0691680908203125;-0.9827117919921876;-0.1602935791015625;0.0067569720558822;0.1126879304647445;-0.1208435967564582
1768416580794875600;0.255875732421875;0.0605621337890625;-0.97760009765625;-0.16455078125;0.0075511271134018;0.1239741444587707;-0.1388691961765289
1768416580804876500;0.26587646484375;0.0545654296875;-0.9776458740234376;-0.1666259765625;0.0091700628399848;0.1313337832689285;-0.1581076085567474
1768416580814878500;0.27587841796875;0.0502166748046875;-0.9774017333984376;-0.1711883544921875;0.009295230731368;0.1425148099660873;-0.177191823720932
1768416580824879400;0.28587939453125;0.0484466552734375;-0.982818603515625;-0.17529296875;0.0036485306918621;0.1391552239656448;-0.2045067995786667
1768416580834880500;0.295880615234375;0.0431365966796875;-0.98687744140625;-0.1786956787109375;-0.0068294103257358;0.1283566355705261;-0.2290419787168502
1768416580844882400;0.30588232421875;0.0336151123046875;-0.9902191162109376;-0.1806640625;-0.0157864205539226;0.1158272698521614;-0.2482838481664657
1768416580854883300;0.31588330078125;0.0240478515625;-0.9955596923828124;-0.1827850341796875;-0.0280976817011833;0.1023652553558349;-0.2611106932163238
1768416580864884700;0.325884765625;0.016693115234375;-1.002044677734375;-0.188262939453125;-0.0347601100802421;0.0916510894894599;-0.2748992145061493
1768416580874885600;0.3358857421875;0.0066680908203125;-1.012664794921875;-0.1940765380859375;-0.0480458214879035;0.0828506723046302;-0.2864101827144623
1768416580884887600;0.345887451171875;0.00091552734375;-1.018585205078125;-0.19354248046875;-0.0600987561047077;0.0655209496617317;-0.2955131530761719
1768416580894888700;0.355888671875;-0.0027313232421875;-1.0232391357421875;-0.1890106201171875;-0.0709585919976234;0.0521710589528083;-0.2952063381671905
1768416580904889600;0.3658896484375;-0.0011138916015625;-1.0250244140625;-0.181365966796875;-0.0779675021767616;0.0330658070743083;-0.2896440625190735
1768416580914891500;0.3758916015625;0.0042572021484375;-1.0220489501953125;-0.1713409423828125;-0.0848818644881248;0.0252227988094091;-0.2876946330070495
1768416580924892400;0.385892333984375;0.01519775390625;-1.0128326416015625;-0.1613006591796875;-0.0907402858138084;0.0123594645410776;-0.296962171792984
1768416580934893600;0.3958935546875;0.022430419921875;-1.0010986328125;-0.152252197265625;-0.0918588191270828;-0.0010367685463279;-0.3064603209495544
1768416580944895500;0.4058955078125;0.0228271484375;-0.9903411865234376;-0.142333984375;-0.0903551951050758;-0.0064792046323418;-0.3042765259742737
1768416580954896400;0.415896484375;0.02484130859375;-0.9812164306640624;-0.1339569091796875;-0.0817185640335083;-0.0068706893362104;-0.2899996042251587
1768416580964897500;0.4258974609375;0.0317535400390625;-0.9753570556640624;-0.12939453125;-0.080906830728054;-0.0063881245441734;-0.2660125195980072
1768416580974899500;0.4358994140625;0.037200927734375;-0.9736328125;-0.1275482177734375;-0.0906960815191268;-0.0018245317041873;-0.239149734377861
1768416580984900400;0.445900390625;0.0441741943359375;-0.9744873046875;-0.1282806396484375;-0.1029823049902916;0.0001600559771759;-0.2125628590583801
1768416580994901500;0.455901611328125;0.053009033203125;-0.9753875732421876;-0.1305999755859375;-0.1136599853634834;0.0029318740125745;-0.1913374662399292
1768416581004902700;0.465902587890625;0.0561065673828125;-0.979705810546875;-0.13818359375;-0.1309031546115875;0.0105490470305085;-0.1704782545566558
1768416581014904600;0.475904541015625;0.0585479736328125;-0.9810791015625;-0.1354827880859375;-0.14133982360363;0.0052616074681282;-0.1436346620321273
1768416581024905500;0.485905517578125;0.0603790283203125;-0.9853515625;-0.12786865234375;-0.1497759073972702;0.0004087952256668;-0.1229506880044937
1768416581034906600;0.49590673828125;0.058624267578125;-0.9920196533203124;-0.1147003173828125;-0.1594618260860443;-0.0130428317934274;-0.1063224449753761
1768416581044908500;0.505908447265625;0.0588836669921875;-0.9928131103515624;-0.0933990478515625;-0.1666707396507263;-0.0282002128660678;-0.1017660424113273
1768416581054909400;0.515909423828125;0.05218505859375;-0.9898529052734376;-0.0797882080078125;-0.1865432411432266;-0.0324468873441219;-0.0836019515991211
1768416581064910300;0.525910400390625;0.0388031005859375;-0.983245849609375;-0.0695037841796875;-0.2091905027627945;-0.042246788740158;-0.0425117723643779
1768416581074912500;0.53591259765625;0.0224151611328125;-0.9727935791015624;-0.0491790771484375;-0.223660260438919;-0.0523130036890506;0.0243530105799436
1768416581084913400;0.545913330078125;0.016326904296875;-0.969757080078125;-0.0191802978515625;-0.2401926219463348;-0.0627419427037239;0.0862241014838218
1768416581094914600;0.55591455078125;0.0365447998046875;-0.974456787109375;0.005889892578125;-0.248805284500122;-0.0932593718171119;0.1407400667667389
1768416581104915700;0.565915771484375;0.0523529052734375;-0.98748779296875;0.029083251953125;-0.2535065710544586;-0.118262194097042;0.2013842463493347
1768416581114917600;0.575917724609375;0.06982421875;-1.0023651123046875;0.0430450439453125;-0.2455170899629593;-0.1304227262735366;0.2383587807416916
1768416581124918500;0.58591845703125;0.090179443359375;-1.0228729248046875;0.0473175048828125;-0.2302142977714538;-0.1308709233999252;0.2288161367177963
1768416581134919700;0.595919677734375;0.1003875732421875;-1.044769287109375;0.0424346923828125;-0.2201150506734848;-0.1193184033036232;0.1866034418344497
1768416581144921600;0.605921630859375;0.0955810546875;-1.0556640625;0.031097412109375;-0.2054663449525833;-0.0981505364179611;0.1420756429433822
1768416581154922500;0.615922607421875;0.0806121826171875;-1.0563507080078125;0.0103302001953125;-0.1937785297632217;-0.0635403618216514;0.1145462840795517
1768416581164923400;0.62592333984375;0.05206298828125;-1.0505218505859375;-0.01568603515625;-0.1878252923488617;-0.0197888854891061;0.0990365669131279
1768416581174925600;0.635925537109375;0.022216796875;-1.036956787109375;-0.0417633056640625;-0.1898839175701141;0.0377873256802558;0.1044505089521408
1768416581184926500;0.645926513671875;-0.0013885498046875;-1.01824951171875;-0.0588531494140625;-0.1857456266880035;0.1114000305533409;0.1340446174144745
1768416581194927400;0.65592724609375;-0.0050811767578125;-0.9977874755859376;-0.0753326416015625;-0.1805138438940048;0.1809863001108169;0.1726058572530746
1768416581204928500;0.665928466796875;0.005279541015625;-0.9844970703125;-0.086761474609375;-0.1792222112417221;0.2357744425535202;0.2084618657827377
1768416581214930400;0.675930419921875;0.015594482421875;-0.974945068359375;-0.090545654296875;-0.1789575070142746;0.2732754647731781;0.2440914958715438
1768416581224931600;0.685931640625;0.026031494140625;-0.9644927978515624;-0.086944580078125;-0.1853717267513275;0.2961336672306061;0.2755575478076935
1768416581234932500;0.695932373046875;0.0362396240234375;-0.956024169921875;-0.077239990234375;-0.1926576048135757;0.3119488358497619;0.2922267913818359
1768416581244934700;0.7059345703125;0.0474853515625;-0.9456329345703124;-0.0594635009765625;-0.1904735416173935;0.3201090395450592;0.2902440726757049
1768416581254935600;0.715935546875;0.0541534423828125;-0.9337310791015624;-0.0361480712890625;-0.1676105707883834;0.3255011439323425;0.2644263207912445
1768416581264936400;0.7259365234375;0.052978515625;-0.927337646484375;-0.0123443603515625;-0.1344747245311737;0.3344855606555938;0.229174867272377
1768416581274938600;0.735938720703125;0.0391693115234375;-0.928466796875;0.0047760009765625;-0.0964285358786583;0.3417062163352966;0.2076868861913681
1768416581284939500;0.745939453125;0.0171356201171875;-0.9405364990234376;0.017852783203125;-0.0583389401435852;0.3373063802719116;0.2062365263700485
1768416581294940400;0.7559404296875;-0.001739501953125;-0.956451416015625;0.028961181640625;-0.0181787367910146;0.3359585702419281;0.2155107110738754
1768416581304943600;0.765943603515625;-0.00885009765625;-0.9731597900390624;0.0325164794921875;0.0226752180606126;0.3296303749084472;0.2201531380414962
1768416581314944500;0.775944580078125;-0.005157470703125;-0.9942626953125;0.0280914306640625;0.0581461265683174;0.3238363862037658;0.2087108641862869
1768416581324945400;0.7859453125;0.0043792724609375;-1.016204833984375;0.0161590576171875;0.0781960040330886;0.3074252009391784;0.1741318553686142
1768416581334946600;0.795946533203125;0.019256591796875;-1.0302581787109375;0.00689697265625;0.093101717531681;0.2850336134433746;0.1232098117470741
1768416581344948500;0.805948486328125;0.0275115966796875;-1.03826904296875;7.62939453125e-05;0.109832227230072;0.2644404470920563;0.0729248076677322
1768416581354949400;0.815949462890625;0.0265960693359375;-1.039703369140625;-0.0080413818359375;0.1307398974895477;0.2479778528213501;0.0242917574942111
1768416581364950800;0.82595068359375;0.022369384765625;-1.035308837890625;-0.015655517578125;0.1513482481241226;0.2389212399721145;-0.0163086652755737
1768416581374952400;0.835952392578125;0.01226806640625;-1.02783203125;-0.022918701171875;0.1691512018442154;0.2368002980947494;-0.0469419434666633
1768416581384953600;0.84595361328125;0.0013427734375;-1.01678466796875;-0.0323486328125;0.1825274676084518;0.2391417473554611;-0.0662626400589943
1768416581394954800;0.855954833984375;-0.007598876953125;-1.007293701171875;-0.039276123046875;0.1930506825447082;0.2461391985416412;-0.0888526439666748
1768416581404956700;0.865956787109375;-0.01287841796875;-0.9980621337890624;-0.043487548828125;0.2027328759431839;0.2618521153926849;-0.1007463186979293
1768416581414957600;0.87595751953125;-0.014801025390625;-0.99066162109375;-0.048492431640625;0.2123231738805771;0.2840290665626526;-0.1043991073966026
1768416581424958500;0.88595849609375;-0.012420654296875;-0.991119384765625;-0.0566253662109375;0.2235523909330368;0.3191348612308502;-0.1118580922484397
1768416581434960600;0.895960693359375;-0.0091400146484375;-0.99652099609375;-0.07086181640625;0.2324289828538894;0.3659124672412872;-0.1364611685276031
1768416581444961500;0.90596142578125;-0.0066680908203125;-1.0064239501953125;-0.0809783935546875;0.2418512403964996;0.4141479134559631;-0.1751744747161865
1768416581454962400;0.91596240234375;-0.004638671875;-1.012969970703125;-0.0892791748046875;0.2478441596031189;0.467023640871048;-0.2202847003936767
1768416581464963600;0.925963623046875;-0.0033416748046875;-1.0110015869140625;-0.0894927978515625;0.2525190711021423;0.5191723108291626;-0.2513488829135895
1768416581474965500;0.935965576171875;-0.0012054443359375;-1.00103759765625;-0.0821075439453125;0.2626055181026459;0.5716181993484497;-0.2636350989341736
1768416581484966400;0.94596630859375;-0.001678466796875;-0.9993438720703124;-0.0808258056640625;0.2523323893547058;0.6196792125701904;-0.2564943730831146
1768416581494967600;0.955967529296875;-0.000885009765625;-1.0131988525390625;-0.092041015625;0.2215643525123596;0.6600924134254456;-0.2297879308462143
1768416581504969500;0.965969482421875;0.019256591796875;-1.0171356201171875;-0.088836669921875;0.19971364736557;0.6983346343040466;-0.2064607590436935
1768416581514970600;0.975970703125;0.057525634765625;-1.009490966796875;-0.078887939453125;0.1899443715810775;0.7448147535324097;-0.1764938086271286
1768416581524971500;0.985971435546875;0.099273681640625;-1.0089569091796875;-0.0881500244140625;0.1659823060035705;0.7516724467277527;-0.1339804381132125
1768416581534973700;0.9959736328125;0.12744140625;-1.0255126953125;-0.1092987060546875;0.0949736535549163;0.700321614742279;-0.0681175366044044
1768416581544974600;1.005974609375;0.1392059326171875;-1.0477752685546875;-0.114898681640625;-0.0009060074225999;0.6126937866210938;0.0133690685033798
1768416581554975500;1.0159755859375;0.1430206298828125;-1.0590972900390625;-0.0919036865234375;-0.0906441509723663;0.5196508765220642;0.0749855637550354
1768416581564976400;1.025976318359375;0.1432952880859375;-1.0565338134765625;-0.0459136962890625;-0.1289443969726562;0.4566639363765716;0.0956410393118858
1768416581574978600;1.035978515625;0.1321563720703125;-1.0451812744140625;-0.0011444091796875;-0.1049352064728736;0.4400346279144287;0.0728052332997322
1768416581584979500;1.0459794921875;0.117095947265625;-1.02679443359375;0.0245208740234375;-0.0447400398552417;0.4500851333141327;0.0307145025581121
1768416581594980400;1.05598046875;0.106658935546875;-1.004241943359375;0.0250091552734375;0.0271767601370811;0.4723353087902069;0.0049835732206702
1768416581604982500;1.065982421875;0.0938720703125;-0.9827880859375;0.0149993896484375;0.1052822172641754;0.5092965364456177;0.0212933048605918
1768416581614983700;1.075983642578125;0.088592529296875;-0.974151611328125;-0.01666259765625;0.187834084033966;0.5615102052688599;0.0597714558243751
1768416581624984600;1.085984619140625;0.0956573486328125;-0.979766845703125;-0.0694580078125;0.2513443529605865;0.6270732283592224;0.0850448533892631
1768416581634986800;1.09598681640625;0.1085205078125;-0.9937286376953124;-0.1277008056640625;0.2890736162662506;0.7078818082809448;0.0737341418862342
1768416581644987600;1.105987548828125;0.1143035888671875;-1.011566162109375;-0.181671142578125;0.3083932399749756;0.785959005355835;0.0406046845018863
1768416581654988500;1.115988525390625;0.108184814453125;-1.027008056640625;-0.226409912109375;0.3061141073703766;0.8414331674575806;-0.004881574306637
1768416581664990700;1.12599072265625;0.0867462158203125;-1.0330047607421875;-0.2483062744140625;0.2901394069194793;0.8705921769142151;-0.0429658442735672
1768416581674991600;1.13599169921875;0.071624755859375;-1.0284881591796875;-0.249114990234375;0.2592592537403106;0.8775078654289246;-0.0658951252698898
1768416581684992500;1.145992431640625;0.0615234375;-1.0142059326171875;-0.2294769287109375;0.2128715217113495;0.860673725605011;-0.0613485798239707
1768416581694993400;1.155993408203125;0.0565338134765625;-0.992950439453125;-0.195526123046875;0.1584508866071701;0.8245620727539062;-0.0227098390460014
1768416581704995600;1.16599560546875;0.06671142578125;-0.9632720947265624;-0.1511993408203125;0.1121249422430992;0.7728605270385742;0.0306077096611261
1768416581714996500;1.17599658203125;0.084686279296875;-0.9351043701171876;-0.1151275634765625;0.0876925662159919;0.7209911942481995;0.0736217573285102
1768416581724997600;1.18599755859375;0.1027984619140625;-0.908233642578125;-0.087371826171875;0.0817744880914688;0.6696845889091492;0.0995817184448242
1768416581734999600;1.19599951171875;0.114532470703125;-0.88909912109375;-0.0684967041015625;0.0951339751482009;0.6209021806716919;0.1248133033514022
1768416581745000700;1.206000732421875;0.1110687255859375;-0.8835296630859375;-0.066436767578125;0.1109515503048896;0.5827174782752991;0.1551994383335113
1768416581755001600;1.216001708984375;0.1023101806640625;-0.88665771484375;-0.0927276611328125;0.1187668666243553;0.5486606955528259;0.179931953549385
1768416581765003800;1.226003662109375;0.0938720703125;-0.8992919921875;-0.1277313232421875;0.1107731163501739;0.5201691389083862;0.1887038648128509
1768416581775004700;1.236004638671875;0.07806396484375;-0.92242431640625;-0.159210205078125;0.0967547744512558;0.4962158799171448;0.1899678111076355
1768416581785005600;1.246005615234375;0.0617828369140625;-0.94610595703125;-0.1884918212890625;0.0755996853113174;0.4675168693065643;0.1927990168333053
1768416581795007500;1.256007568359375;0.054595947265625;-0.9692535400390624;-0.2105255126953125;0.0586723685264587;0.443966805934906;0.1819282621145248
1768416581805008600;1.266008544921875;0.0544281005859375;-1.0006103515625;-0.226654052734375;0.0461097061634063;0.4000816345214844;0.1483678966760635
1768416581815009500;1.276009521484375;0.04290771484375;-1.0293121337890625;-0.2240753173828125;0.0285139326006174;0.3412928879261017;0.1165662929415702
1768416581825010400;1.286010498046875;0.0233917236328125;-1.045013427734375;-0.2058563232421875;0.0082374233752489;0.2771788835525512;0.0988501459360122
1768416581835012600;1.2960126953125;0.0171356201171875;-1.0473480224609375;-0.1912078857421875;-0.0064115603454411;0.2237702459096908;0.0943800285458564
1768416581845013500;1.306013427734375;0.0281982421875;-1.0430450439453125;-0.1813507080078125;-0.0142798693850636;0.1745457053184509;0.0880547612905502
1768416581855014700;1.3160146484375;0.0433502197265625;-1.037139892578125;-0.178253173828125;-0.016197346150875;0.1196997687220573;0.0785137191414833
1768416581865016600;1.3260166015625;0.0498504638671875;-1.025909423828125;-0.1824493408203125;-0.0192826185375452;0.0587740987539291;0.0756934285163879
1768416581875017700;1.336017822265625;0.0429534912109375;-1.0099334716796875;-0.192291259765625;-0.0107599692419171;0.0259775388985872;0.0935517847537994
1768416581885018600;1.3460185546875;0.0447998046875;-0.9982452392578124;-0.2153472900390625;0.0025947177782654;0.0389737635850906;0.1153564229607582
1768416581895020500;1.3560205078125;0.05633544921875;-0.9876708984375;-0.2565460205078125;0.0110108396038413;0.0862041264772415;0.115881860256195
1768416581905021700;1.366021728515625;0.0635986328125;-0.968994140625;-0.3007965087890625;0.0128087392076849;0.1445462554693222;0.1045628935098648
1768416581915022600;1.376022705078125;0.0484161376953125;-0.9454498291015624;-0.33587646484375;0.0037041907198727;0.189906820654869;0.0988978147506713
1768416581925024500;1.3860244140625;0.0340423583984375;-0.9156646728515624;-0.3516998291015625;-0.0175608843564987;0.2189414054155349;0.0884939134120941
1768416581935025400;1.396025390625;0.0260162353515625;-0.8973236083984375;-0.341583251953125;-0.0317685827612876;0.2499419301748275;0.0874347761273384
1768416581945026600;1.406026611328125;0.017486572265625;-0.8899688720703125;-0.311859130859375;-0.0479496829211711;0.2772878110408783;0.0986839681863784
1768416581955027500;1.41602734375;0.0095062255859375;-0.8850555419921875;-0.282562255859375;-0.0737080425024032;0.2925578355789184;0.1295561343431472
1768416581965029400;1.426029296875;0.0012359619140625;-0.891937255859375;-0.250244140625;-0.1062856912612915;0.2905575335025787;0.1759542524814605
1768416581975030800;1.43603076171875;0.0081634521484375;-0.910797119140625;-0.219970703125;-0.1285340040922165;0.2849276065826416;0.224315658211708
1768416581985031700;1.44603173828125;0.0288238525390625;-0.925537109375;-0.2017669677734375;-0.1593406498432159;0.2652894556522369;0.2612539827823639
1768416581995033600;1.45603369140625;0.0545654296875;-0.9275665283203124;-0.2103271484375;-0.1905789971351623;0.2354945391416549;0.2890008985996246
1768416582005034500;1.466034423828125;0.07318115234375;-0.931640625;-0.20574951171875;-0.2053560763597488;0.2142675518989563;0.3145044147968292
1768416582015035600;1.47603564453125;0.089935302734375;-0.932708740234375;-0.20965576171875;-0.2208026796579361;0.176367849111557;0.3336008787155151
1768416582025037600;1.48603759765625;0.1043853759765625;-0.927032470703125;-0.2159271240234375;-0.2233526557683944;0.1299199163913726;0.3845998644828796
1768416582035038500;1.49603857421875;0.1113128662109375;-0.97119140625;-0.173309326171875;-0.1775124669075012;0.0835324451327323;0.4968619644641876
1768416582045039600;1.50603955078125;0.1298980712890625;-1.03521728515625;-0.14239501953125;-0.1650179773569107;-0.0250254590064287;0.6203674077987671
1768416582055041500;1.51604150390625;0.1234283447265625;-1.1139984130859375;-0.109375;-0.1502209305763244;-0.0698211565613746;0.7243225574493408
1768416582065042400;1.52604248046875;0.1394805908203125;-1.20220947265625;-0.042755126953125;-0.0960927084088325;-0.0039105857722461;0.7713891267776489
1768416582075043600;1.536043701171875;0.2180938720703125;-1.2494354248046875;-0.021026611328125;-0.0260806027799844;0.1222406923770904;0.6680914759635925
1768416582085044700;1.546044677734375;0.2931365966796875;-1.230255126953125;-0.0613250732421875;0.0430824905633926;0.2117492705583572;0.4033037722110748
1768416582095046400;1.55604638671875;0.2771759033203125;-1.1336212158203125;-0.121978759765625;0.0846206098794937;0.2341331392526626;0.1210798174142837
1768416582105047600;1.566047607421875;0.1638946533203125;-0.99285888671875;-0.1625213623046875;0.1086612343788147;0.2371041625738144;-0.0169654004275798
1768416582115048700;1.576048583984375;0.0607452392578125;-0.8672637939453125;-0.1700897216796875;0.1313998401165008;0.2074314802885055;-0.0192370768636465
1768416582125050600;1.586050537109375;0.0193939208984375;-0.7924041748046875;-0.1610870361328125;0.1520896703004837;0.1573744416236877;0.0429735668003559
1768416582135051500;1.596051513671875;0.01300048828125;-0.783905029296875;-0.1354522705078125;0.1723960041999817;0.0951736569404602;0.1166714876890182
1768416582145052700;1.606052734375;0.00836181640625;-0.8307342529296875;-0.1246337890625;0.1670268028974533;0.0270899403840303;0.1831554472446441
1768416582155054600;1.6160546875;0.019317626953125;-0.8964996337890625;-0.1368865966796875;0.1492206454277038;-0.0368091464042663;0.232406347990036
1768416582165055500;1.626055419921875;0.0367431640625;-0.9657440185546876;-0.1539764404296875;0.1291694343090057;-0.0780497938394546;0.2612893879413605
1768416582175056400;1.636056396484375;0.05499267578125;-1.02850341796875;-0.1726226806640625;0.1041130870580673;-0.0980107188224792;0.279631644487381
1768416582185057500;1.6460576171875;0.077239990234375;-1.0727996826171875;-0.1967010498046875;0.0748417526483535;-0.0932804122567176;0.2805461883544922
1768416582195059500;1.6560595703125;0.1077423095703125;-1.103424072265625;-0.2152862548828125;0.0378235466778278;-0.055275771766901;0.2607101500034332
1768416582205060600;1.666060546875;0.1408233642578125;-1.11077880859375;-0.2234954833984375;-0.0016112125013023;-0.012361061759293;0.2258666902780532
1768416582215061800;1.676061767578125;0.1664581298828125;-1.095123291015625;-0.210418701171875;-0.0347446650266647;0.0271155070513486;0.1822667419910431
1768416582225063700;1.686063720703125;0.173248291015625;-1.0614166259765625;-0.1940155029296875;-0.0568987019360065;0.0651891231536865;0.1394455134868621
1768416582235064600;1.696064697265625;0.1623992919921875;-1.0150146484375;-0.168060302734375;-0.0557210519909858;0.0909962207078933;0.1069488227367401
1768416582245065500;1.7060654296875;0.1459503173828125;-0.970977783203125;-0.1430511474609375;-0.0314090549945831;0.1180382221937179;0.081465296447277
1768416582255067600;1.716067626953125;0.1337890625;-0.93951416015625;-0.12432861328125;0.0084834992885589;0.1406687051057815;0.0541431307792663
1768416582265068500;1.726068603515625;0.12225341796875;-0.93011474609375;-0.1099853515625;0.0530728064477443;0.1648861616849899;0.0218538995832204
1768416582275069400;1.7360693359375;0.114105224609375;-0.939422607421875;-0.1001129150390625;0.0626388788223266;0.1695251166820526;-0.0053862431086599
1768416582285071600;1.746071533203125;0.1094512939453125;-0.945220947265625;-0.1038970947265625;0.0583426691591739;0.1516105681657791;-0.0089064091444015
1768416582295072500;1.756072509765625;0.101287841796875;-0.9593353271484376;-0.1144866943359375;0.0522554814815521;0.1497263759374618;0.0220174174755811
1768416582305073000;1.766072998046875;0.1132354736328125;-0.9835662841796876;-0.120086669921875;0.0437139235436916;0.1211085841059684;0.046117428690195
1768416582315074000;1.776073974609375;0.137908935546875;-1.0055999755859375;-0.117279052734375;0.013188506476581;0.0812549069523811;0.0506890080869197
1768416582325076000;1.786075927734375;0.1602783203125;-1.0103912353515625;-0.1255950927734375;-0.0106989834457635;0.0387846790254116;0.0311581864953041
1768416582335076900;1.796076904296875;0.170562744140625;-1.00543212890625;-0.1387481689453125;-0.0387665703892707;0.0031630364246666;-0.0031531827989965
1768416582345078000;1.806078125;0.167327880859375;-0.9957122802734376;-0.1309967041015625;-0.0526373796164989;-0.0189672987908124;-0.035019502043724
1768416582355080000;1.816079833984375;0.15380859375;-0.9918670654296876;-0.1227264404296875;-0.0673811733722686;-0.0292798578739166;-0.0565197356045246
1768416582365080800;1.826080810546875;0.14044189453125;-0.986328125;-0.1150665283203125;-0.0650602281093597;-0.0288068801164627;-0.0636815056204795
1768416582375082000;1.83608203125;0.134002685546875;-0.9852294921875;-0.1089324951171875;-0.0588907487690448;-0.0243194550275802;-0.0744382813572883
1768416582385084000;1.846083984375;0.131866455078125;-0.9918975830078124;-0.1000213623046875;-0.0400329045951366;-0.0140822632238268;-0.0852171629667282
1768416582395084800;1.856084716796875;0.1318359375;-0.9975128173828124;-0.0897979736328125;-0.0264329388737678;0.0018652779981493;-0.1000730693340301
1768416582405085700;1.866085693359375;0.129241943359375;-1.001373291015625;-0.0875396728515625;-0.0195614509284496;0.0083615267649292;-0.1130863428115844
1768416582415087900;1.876087890625;0.1249847412109375;-1.0017547607421875;-0.089202880859375;-0.0219862591475248;0.0011345066595822;-0.1193466335535049
1768416582425088800;1.8860888671875;0.1221923828125;-0.999420166015625;-0.090850830078125;-0.0287181977182626;-0.0171885732561349;-0.1253944039344787
1768416582435090000;1.89608984375;0.1266326904296875;-0.9937744140625;-0.0894927978515625;-0.0370315201580524;-0.0432574599981308;-0.1366113722324371
1768416582445091000;1.906091064453125;0.12841796875;-0.991973876953125;-0.0849609375;-0.0385311469435691;-0.0604673400521278;-0.1428120136260986
1768416582455093000;1.916093017578125;0.129058837890625;-0.993865966796875;-0.08477783203125;-0.0405298508703708;-0.0966418534517288;-0.1570990681648254
1768416582465094000;1.926093994140625;0.1257781982421875;-0.9907684326171876;-0.09185791015625;-0.0391985364258289;-0.1183354333043098;-0.1560425907373428
1768416582475094800;1.9360947265625;0.119384765625;-0.9829864501953124;-0.1025238037109375;-0.0454907864332199;-0.1398859918117523;-0.1434290707111358
1768416582485097000;1.946096923828125;0.1206817626953125;-0.97760009765625;-0.1147918701171875;-0.0492314621806144;-0.1522260159254074;-0.1286914050579071
1768416582495097900;1.956097900390625;0.1226043701171875;-0.973663330078125;-0.1197509765625;-0.045002095401287;-0.155952051281929;-0.1176283657550811
1768416582505098800;1.9660986328125;0.130126953125;-0.976776123046875;-0.122283935546875;-0.0425088442862033;-0.1573201119899749;-0.1183343678712844
1768416582515101000;1.976100830078125;0.139404296875;-0.9765777587890624;-0.12884521484375;-0.0419474504888057;-0.1592791378498077;-0.1209858059883117
1768416582525101800;1.986101806640625;0.13775634765625;-0.969146728515625;-0.134246826171875;-0.0425943322479724;-0.1612903624773025;-0.1210779547691345
1768416582535102700;1.996102783203125;0.128509521484375;-0.964813232421875;-0.1314849853515625;-0.042607381939888;-0.1568852216005325;-0.1079946458339691
1768416582545105000;2.00610498046875;0.1233673095703125;-0.9687652587890624;-0.12847900390625;-0.0372578911483287;-0.147075206041336;-0.0965369269251823
1768416582555106000;2.01610595703125;0.12451171875;-0.9735565185546876;-0.12554931640625;-0.034695129841566;-0.1386031508445739;-0.0882124155759811
1768416582565107000;2.02610693359375;0.1282806396484375;-0.978485107421875;-0.120391845703125;-0.0281450860202312;-0.1280122995376587;-0.0861876159906387
1768416582575107800;2.03610791015625;0.12957763671875;-0.9840545654296876;-0.1193695068359375;-0.0233601834625005;-0.1211131066083908;-0.093693733215332
1768416582585110000;2.046110107421875;0.1294708251953125;-0.986572265625;-0.1212310791015625;-0.0207161977887153;-0.1185279786586761;-0.1024595275521278
1768416582595111000;2.05611083984375;0.127471923828125;-0.9879608154296876;-0.122100830078125;-0.018689265474677;-0.1213844865560531;-0.1009164974093437
1768416582605111800;2.06611181640625;0.1184234619140625;-0.9844818115234376;-0.121368408203125;-0.0162578001618385;-0.1221277713775634;-0.0938937366008758
1768416582615114000;2.076114013671875;0.1125030517578125;-0.9846649169921876;-0.1212158203125;-0.0147222205996513;-0.1231064870953559;-0.0907056704163551
1768416582625115000;2.086114990234375;0.11077880859375;-0.9852294921875;-0.123321533203125;-0.0158849563449621;-0.1257749646902084;-0.0887900590896606
1768416582635115800;2.09611572265625;0.1109161376953125;-0.9842071533203124;-0.1252288818359375;-0.0164886955171823;-0.1273662149906158;-0.0867245122790336
1768416582645118000;2.106117919921875;0.11260986328125;-0.98419189453125;-0.1231231689453125;-0.0164745803922414;-0.1239155530929565;-0.0831550732254982
1768416582655118800;2.116118896484375;0.1157379150390625;-0.9849090576171876;-0.1230926513671875;-0.0157302264124155;-0.127840518951416;-0.0775959938764572
1768416582665120000;2.1261201171875;0.1139068603515625;-0.985687255859375;-0.122833251953125;-0.0210602786391973;-0.135123997926712;-0.0727477073669433
1768416582675121000;2.136120849609375;0.1109619140625;-0.9884796142578124;-0.1204986572265625;-0.0247564781457185;-0.1449750363826751;-0.0669603943824768
1768416582685123000;2.146123046875;0.108184814453125;-0.990875244140625;-0.11871337890625;-0.0335228070616722;-0.1531013995409011;-0.0605682730674743
1768416582695124000;2.1561240234375;0.1047515869140625;-0.99053955078125;-0.1163177490234375;-0.0360789075493812;-0.1566500663757324;-0.0565823204815387
1768416582705124900;2.166124755859375;0.1029815673828125;-0.99359130859375;-0.1132659912109375;-0.0345467925071716;-0.1576104015111923;-0.0497270748019218
1768416582715127000;2.176126953125;0.107330322265625;-0.993133544921875;-0.112060546875;-0.0286351069808006;-0.1542867720127105;-0.0462314113974571
1768416582725128000;2.1861279296875;0.113006591796875;-0.9942169189453124;-0.1141357421875;-0.0250342469662427;-0.1504960358142852;-0.0476711168885231
1768416582735128800;2.19612890625;0.110595703125;-0.994049072265625;-0.1176910400390625;-0.0189206935465335;-0.143775537610054;-0.0500730201601982
1768416582745131000;2.206131103515625;0.107452392578125;-0.9921112060546876;-0.1216888427734375;-0.0147632332518696;-0.1352995038032531;-0.0523809157311916
1768416582755132000;2.2161318359375;0.1053466796875;-0.9906005859375;-0.121673583984375;-0.0076507292687892;-0.1244958564639091;-0.0561953634023666
1768416582765132800;2.2261328125;0.102203369140625;-0.9910888671875;-0.119964599609375;-0.0059905145317316;-0.1153138056397438;-0.0553402192890644
1768416582775134700;2.236134765625;0.100555419921875;-0.98956298828125;-0.1198577880859375;-0.0059641492553055;-0.1062713116407394;-0.0507483966648578
1768416582785135900;2.246135986328125;0.1019287109375;-0.987030029296875;-0.12139892578125;-0.0038016624748706;-0.1021876186132431;-0.0464180968701839
1768416582795137000;2.256136962890625;0.105926513671875;-0.987335205078125;-0.1247406005859375;-0.0057787932455539;-0.0990770459175109;-0.0432697087526321
1768416582805138000;2.266137939453125;0.105133056640625;-0.9861907958984376;-0.1316986083984375;-0.012596751563251;-0.0986639931797981;-0.0434052646160125
1768416582815140000;2.27614013671875;0.106719970703125;-0.9860687255859376;-0.1312255859375;-0.0132918367162346;-0.0913240537047386;-0.0456955842673778
1768416582825141000;2.28614111328125;0.1038055419921875;-0.9893646240234376;-0.130645751953125;-0.0162396896630525;-0.0835161954164505;-0.0477669909596443
1768416582835142000;2.296141845703125;0.0991058349609375;-0.9909210205078124;-0.1256103515625;-0.0150058474391698;-0.0724212005734443;-0.0498325377702713
1768416582845143800;2.306143798828125;0.097503662109375;-0.988555908203125;-0.12646484375;-0.0153571180999279;-0.0610931813716888;-0.0484415665268898
1768416582855145000;2.31614501953125;0.0979766845703125;-0.9868011474609376;-0.1265106201171875;-0.0154266264289617;-0.0540611036121845;-0.0477885603904724
1768416582865145900;2.326145751953125;0.0996856689453125;-0.9855804443359376;-0.125213623046875;-0.0144306048750877;-0.0483611412346363;-0.0459661595523357
1768416582875147800;2.336147705078125;0.0986480712890625;-0.9869842529296876;-0.123931884765625;-0.0122758410871028;-0.0410704724490642;-0.0443589426577091
1768416582885149000;2.34614892578125;0.09857177734375;-0.9892578125;-0.1225738525390625;-0.0104909902438521;-0.0345156341791152;-0.0457499101758003
1768416582895149800;2.35614990234375;0.1007843017578125;-0.99151611328125;-0.1253662109375;-0.0072544505819678;-0.0281067360192537;-0.0505489259958267
1768416582905151000;2.36615087890625;0.1013946533203125;-0.9930267333984376;-0.126953125;-0.0053721284493803;-0.0197625197470188;-0.0571333281695842
1768416582915153000;2.37615283203125;0.0988311767578125;-0.9951934814453124;-0.13006591796875;0.0028357338160276;-0.003828294109553;-0.0602284520864486
1768416582925154000;2.386154052734375;0.101806640625;-0.9974822998046876;-0.135772705078125;0.0114191016182303;0.0188445281237363;-0.0672304332256317
1768416582935155000;2.396155029296875;0.1052703857421875;-0.99810791015625;-0.144134521484375;0.017717745155096;0.0390528589487075;-0.0784045234322547
1768416582945156900;2.406156982421875;0.10693359375;-0.9950103759765624;-0.1512451171875;0.0215604193508625;0.0564358457922935;-0.0849039703607559
1768416582955158000;2.416157958984375;0.106842041015625;-0.9912109375;-0.1579132080078125;0.0265184268355369;0.0734686255455017;-0.0881932452321052
1768416582965159000;2.426158935546875;0.10693359375;-0.989837646484375;-0.158203125;0.0252869799733161;0.0836669355630874;-0.0915794521570205
1768416582975160800;2.436160888671875;0.111663818359375;-0.990264892578125;-0.1573333740234375;0.0192328169941902;0.0882784649729728;-0.1022259667515754
1768416582985161700;2.44616162109375;0.111663818359375;-0.991851806640625;-0.15380859375;0.0122417528182268;0.0919829234480857;-0.111177921295166
1768416582995163000;2.456162841796875;0.1124114990234375;-0.9921417236328124;-0.1551971435546875;-0.0022708773612976;0.0840179398655891;-0.1129784807562828
1768416583005164000;2.4661640625;0.1045989990234375;-0.9922637939453124;-0.1572265625;-0.0160884223878383;0.0717871040105819;-0.1087459176778793
1768416583015165700;2.476165771484375;0.099212646484375;-0.9950408935546876;-0.1496429443359375;-0.0273322891443967;0.0559120029211044;-0.1020294278860092
1768416583025167000;2.4861669921875;0.09759521484375;-0.99700927734375;-0.1469879150390625;-0.0380294062197208;0.0484442301094532;-0.1013412699103355
1768416583035168000;2.49616796875;0.0977020263671875;-0.9948883056640624;-0.140380859375;-0.0458662919700145;0.0392536632716655;-0.1002618893980979
1768416583045170000;2.506169921875;0.1003265380859375;-0.9889068603515624;-0.1389617919921875;-0.0484389066696167;0.0257485061883926;-0.1054931357502937
1768416583055171000;2.516171142578125;0.1007232666015625;-0.98040771484375;-0.1399383544921875;-0.0505654402077198;0.0099876532331109;-0.1102636530995369
1768416583065172000;2.526171875;0.1030120849609375;-0.9722137451171876;-0.138519287109375;-0.0513068623840808;-0.004563592839986;-0.1147974207997322
1768416583075174000;2.536173828125;0.1018524169921875;-0.96820068359375;-0.1386566162109375;-0.0490626171231269;-0.0214602854102849;-0.1102655231952667
1768416583085174800;2.5461748046875;0.0997314453125;-0.969940185546875;-0.1364593505859375;-0.0497795417904853;-0.0375947803258895;-0.1002355217933654
1768416583095176000;2.556176025390625;0.104034423828125;-0.973663330078125;-0.139251708984375;-0.0543753579258918;-0.0517843663692474;-0.0833412259817123
1768416583105177900;2.566177734375;0.1090850830078125;-0.978729248046875;-0.1442108154296875;-0.0661462619900703;-0.0710763037204742;-0.0778489932417869
1768416583115178800;2.5761787109375;0.112335205078125;-0.98162841796875;-0.1435546875;-0.0755637362599372;-0.0884590223431587;-0.07387076318264
1768416583125180000;2.586179931640625;0.1084747314453125;-0.980804443359375;-0.13861083984375;-0.0820938050746917;-0.1046787425875663;-0.0673481449484825
1768416583135181000;2.59618115234375;0.1059722900390625;-0.9800567626953124;-0.13653564453125;-0.088059552013874;-0.1159082278609275;-0.0610401853919029
1768416583145182700;2.6061826171875;0.1066131591796875;-0.98077392578125;-0.13360595703125;-0.0856382027268409;-0.1242625638842582;-0.0533178150653839
1768416583155183900;2.616183837890625;0.1116790771484375;-0.9788055419921876;-0.1345062255859375;-0.0867125242948532;-0.13161101937294;-0.0485536865890026
1768416583165185000;2.62618505859375;0.11846923828125;-0.9771270751953124;-0.1357421875;-0.0881016328930854;-0.1434141546487808;-0.0477699190378189
1768416583175187000;2.63618701171875;0.11962890625;-0.97186279296875;-0.1381378173828125;-0.0856358110904693;-0.1547006368637085;-0.0416667535901069
1768416583185187800;2.646187744140625;0.116546630859375;-0.9680328369140624;-0.13873291015625;-0.0828541368246078;-0.1608871519565582;-0.0366560146212577
1768416583195189000;2.65618896484375;0.1128997802734375;-0.96795654296875;-0.134033203125;-0.0774306058883667;-0.1616733223199844;-0.0314932130277156
1768416583205191000;2.66619091796875;0.109405517578125;-0.9698638916015624;-0.1307220458984375;-0.0693572387099266;-0.162811279296875;-0.03029665350914
1768416583215191800;2.67619189453125;0.10888671875;-0.9752197265625;-0.13006591796875;-0.0657039135694503;-0.1717834770679474;-0.0245644655078649
1768416583225192700;2.686192626953125;0.108154296875;-0.9850311279296876;-0.127960205078125;-0.065252237021923;-0.1828033775091171;-0.0246560778468847
1768416583235193900;2.69619384765625;0.11328125;-0.9892120361328124;-0.1280670166015625;-0.0707284957170486;-0.1925758421421051;-0.0267221573740243
1768416583245195800;2.70619580078125;0.117279052734375;-0.9940643310546876;-0.125579833984375;-0.0735844746232032;-0.1991035193204879;-0.0208783838897943
1768416583255197000;2.716197021484375;0.1148529052734375;-0.9965972900390624;-0.12261962890625;-0.0730462446808815;-0.2097625434398651;-0.0122334966436028
1768416583265198000;2.726197998046875;0.11102294921875;-0.9954833984375;-0.11700439453125;-0.0718113407492637;-0.2145027071237564;0.0014626081101596
1768416583275200000;2.736199951171875;0.111297607421875;-0.993438720703125;-0.1108245849609375;-0.0728007033467292;-0.2233089804649353;0.0123080648481845
1768416583285201000;2.746200927734375;0.11810302734375;-0.99322509765625;-0.1063995361328125;-0.0727386549115181;-0.2320111244916916;0.0184421241283416
1768416583295202000;2.7562021484375;0.1227874755859375;-0.98895263671875;-0.1021728515625;-0.0669843629002571;-0.2368026822805404;0.022461898624897
1768416583305204000;2.766203857421875;0.126312255859375;-0.98614501953125;-0.0995635986328125;-0.0564638078212738;-0.2446523606777191;0.024361265823245
1768416583315204900;2.776204833984375;0.131011962890625;-0.982757568359375;-0.0966949462890625;-0.0520373694598674;-0.2540906071662903;0.0301994476467371
1768416583325205800;2.786205810546875;0.1350860595703125;-0.9774169921875;-0.0970458984375;-0.0511563941836357;-0.2665816247463226;0.0383537821471691
1768416583335207000;2.79620703125;0.1333465576171875;-0.9757232666015624;-0.0955352783203125;-0.0442010164260864;-0.2774792909622192;0.0472655147314071
1768416583345208800;2.806208740234375;0.128021240234375;-0.9771881103515624;-0.0911712646484375;-0.0389042571187019;-0.2923232018947601;0.0653707534074783
1768416583355209700;2.816209716796875;0.1337738037109375;-0.97967529296875;-0.0853729248046875;-0.0374565608799457;-0.3098374903202057;0.072591908276081
1768416583365211100;2.826211181640625;0.15753173828125;-0.9878082275390624;-0.0788421630859375;-0.0427940674126148;-0.3332594633102417;0.0623464658856391
1768416583375212800;2.836212890625;0.1811981201171875;-0.9925994873046876;-0.073394775390625;-0.0544685684144496;-0.3627715408802032;0.0430281609296798
1768416583385214000;2.8462138671875;0.1849822998046875;-0.9912109375;-0.071929931640625;-0.0633499473333358;-0.3904564380645752;0.0387244932353496
1768416583395214800;2.85621484375;0.16790771484375;-0.9833831787109376;-0.0713958740234375;-0.0668189749121666;-0.4036180377006531;0.0444729253649711
1768416583405217000;2.866217041015625;0.1489410400390625;-0.971832275390625;-0.0728759765625;-0.062238872051239;-0.4037477374076843;0.0564536899328231
1768416583415218000;2.876218017578125;0.12969970703125;-0.9631195068359376;-0.0787506103515625;-0.0621957294642925;-0.3994267582893371;0.0717050805687904
1768416583425218800;2.88621875;0.1111602783203125;-0.9588470458984376;-0.08709716796875;-0.064570739865303;-0.3998384773731231;0.1028289124369621
1768416583435221000;2.896220947265625;0.0999908447265625;-0.957061767578125;-0.0903778076171875;-0.0706696435809135;-0.4015458226203918;0.1423078775405883
1768416583445222000;2.906221923828125;0.0998687744140625;-0.9578704833984376;-0.0858306884765625;-0.0785446092486381;-0.4035661220550537;0.1762163043022155
1768416583455222800;2.916222900390625;0.109130859375;-0.971221923828125;-0.0787506103515625;-0.0839545577764511;-0.4039607942104339;0.195533275604248
1768416583465223700;2.9262236328125;0.1243896484375;-0.9843597412109376;-0.0705413818359375;-0.0925906524062156;-0.4059706628322601;0.2038617879152298
1768416583475225900;2.936225830078125;0.12652587890625;-0.9975738525390624;-0.0670928955078125;-0.0999681428074836;-0.4024936556816101;0.2065377235412597
1768416583485226800;2.946226806640625;0.118621826171875;-1.0032958984375;-0.0636138916015625;-0.1063333600759506;-0.3933305144309997;0.2142638266086578
1768416583495228000;2.956227783203125;0.109161376953125;-1.0114288330078125;-0.0622406005859375;-0.1106671243906021;-0.3733102083206177;0.2175288647413253
1768416583505229800;2.966229736328125;0.1002655029296875;-1.0174560546875;-0.06439208984375;-0.1172216981649398;-0.3474810123443603;0.2235686480998993
1768416583515231000;2.97623095703125;0.0991363525390625;-1.0222320556640625;-0.0653076171875;-0.1223956868052482;-0.3198435008525848;0.2320643961429596
1768416583525231900;2.98623193359375;0.1047210693359375;-1.028472900390625;-0.067291259765625;-0.1299196481704712;-0.2936585247516632;0.2358178496360778
1768416583535234000;2.996234130859375;0.1105499267578125;-1.0284271240234375;-0.0742950439453125;-0.1387924998998642;-0.2701015174388885;0.2321525514125824
1768416583545235000;3.00623486328125;0.1175384521484375;-1.0270233154296875;-0.078857421875;-0.1509511619806289;-0.2527558207511902;0.2197643220424652
1768416583555235800;3.01623583984375;0.1202239990234375;-1.0232696533203125;-0.0775146484375;-0.1635250151157379;-0.2342322021722793;0.2128528803586959
1768416583565236700;3.02623681640625;0.122039794921875;-1.01715087890625;-0.073974609375;-0.1764892786741256;-0.2207771241664886;0.2060330659151077
1768416583575239000;3.036239013671875;0.12255859375;-1.0072784423828125;-0.067413330078125;-0.1822323948144912;-0.2013285905122757;0.2039677798748016
1768416583585239800;3.04623974609375;0.1226806640625;-0.9989776611328124;-0.06024169921875;-0.1820731312036514;-0.1830081641674041;0.2039973437786102
1768416583595240700;3.05624072265625;0.127685546875;-0.9954071044921876;-0.0526885986328125;-0.1724623143672943;-0.1610525399446487;0.1927920877933502
1768416583605243000;3.066242919921875;0.1289215087890625;-0.998260498046875;-0.045989990234375;-0.1570924073457718;-0.1352859139442443;0.1749174892902374
1768416583615244000;3.076244140625;0.129119873046875;-1.003875732421875;-0.0413055419921875;-0.1383426934480667;-0.1066862344741821;0.152904599905014
1768416583625245000;3.086244873046875;0.130462646484375;-1.005645751953125;-0.0394287109375;-0.1210617125034332;-0.0805113539099693;0.1313625574111938
1768416583635247000;3.0962470703125;0.131683349609375;-1.0044097900390625;-0.0402679443359375;-0.1102522015571594;-0.0603954344987869;0.1076513603329658
1768416583645248000;3.106248046875;0.1323394775390625;-0.9945831298828124;-0.0352630615234375;-0.1057466715574264;-0.045676939189434;0.0877090767025947
1768416583655249000;3.116248779296875;0.1287078857421875;-0.983642578125;-0.0261688232421875;-0.1007031723856926;-0.0410092175006866;0.0834213867783546
1768416583665249800;3.126249755859375;0.1279296875;-0.9743804931640624;-0.01416015625;-0.0903056636452674;-0.0421509146690368;0.082001656293869
1768416583675252000;3.136251953125;0.1302032470703125;-0.96881103515625;-0.00335693359375;-0.0767666846513748;-0.0463150329887867;0.0820669084787368
1768416583685252900;3.1462529296875;0.13482666015625;-0.9670867919921876;0.005950927734375;-0.0572638213634491;-0.0529044941067695;0.0763408467173576
1768416583695253800;3.156253662109375;0.1382904052734375;-0.9682769775390624;0.011688232421875;-0.0400986820459365;-0.0574049688875675;0.0694832056760788
1768416583705256000;3.166255859375;0.142181396484375;-0.9738922119140624;0.016021728515625;-0.0242518093436956;-0.0635028108954429;0.0610226057469844
1768416583715256800;3.1762568359375;0.14569091796875;-0.9836273193359376;0.0190277099609375;-0.008781773969531;-0.0693724155426025;0.0492407828569412
1768416583725258000;3.186258056640625;0.1435546875;-0.997833251953125;0.02142333984375;0.0030407973099499;-0.0716116055846214;0.0298574976623058
1768416583735260000;3.196260009765625;0.142974853515625;-1.0045623779296875;0.017852783203125;0.0145946554839611;-0.0694184899330139;0.0072893383912742
1768416583745261000;3.206260986328125;0.14508056640625;-1.0087127685546875;0.01531982421875;0.026660107076168;-0.072959691286087;-0.0182977803051471
1768416583755262000;3.216261962890625;0.1487274169921875;-1.0101470947265625;0.0143890380859375;0.0299142226576805;-0.0847479104995727;-0.0471334233880043
1768416583765262800;3.226262939453125;0.146942138671875;-1.006561279296875;0.011688232421875;0.0361574701964855;-0.0985979437828064;-0.0726166814565658
1768416583775265000;3.23626513671875;0.142425537109375;-1.006317138671875;0.011871337890625;0.0402480885386467;-0.1167788133025169;-0.0941784307360649
1768416583785266000;3.246265869140625;0.13671875;-1.0037689208984375;0.0104522705078125;0.0444465614855289;-0.1271148025989532;-0.1100261062383651
1768416583795266800;3.256266845703125;0.12811279296875;-0.9994354248046876;0.008209228515625;0.0556491464376449;-0.1309284567832946;-0.1267891079187393
1768416583805269000;3.26626904296875;0.1182403564453125;-0.9983062744140624;0.0063323974609375;0.066137209534645;-0.1300155222415924;-0.1387096792459488
1768416583815270000;3.276269775390625;0.1166534423828125;-0.9944915771484376;0.00604248046875;0.0786127895116806;-0.1200526356697082;-0.1526710391044616
1768416583825270800;3.286270751953125;0.12042236328125;-0.9954833984375;0.0030059814453125;0.0922681465744972;-0.1068606674671173;-0.1645029336214065
1768416583835272700;3.296272705078125;0.1291351318359375;-0.9992828369140624;-0.0026702880859375;0.104561299085617;-0.1029996201395988;-0.1729640513658523
1768416583845273900;3.30627392578125;0.133056640625;-1.0027618408203125;-0.004119873046875;0.1174704357981681;-0.094000793993473;-0.178177461028099
1768416583855275000;3.31627490234375;0.134429931640625;-1.0049896240234375;-0.00799560546875;0.1257150471210479;-0.0828970149159431;-0.1826992481946945
1768416583865276000;3.32627587890625;0.14263916015625;-1.0015106201171875;-0.0107879638671875;0.1305207312107086;-0.0729293376207351;-0.1922922134399414
1768416583875278000;3.336278076171875;0.1502227783203125;-0.997467041015625;-0.012115478515625;0.1320395320653915;-0.0659619718790054;-0.2028143554925918
1768416583885279000;3.346279052734375;0.15777587890625;-0.9995880126953124;-0.0095367431640625;0.132174015045166;-0.0698653683066368;-0.2162654548883438
1768416583895279900;3.35627978515625;0.15667724609375;-1.000518798828125;-0.003509521484375;0.1345889717340469;-0.0728073641657829;-0.2235294878482818
1768416583905281800;3.36628173828125;0.160247802734375;-0.9987640380859376;0.0082550048828125;0.1383818387985229;-0.0825920850038528;-0.2345853447914123
1768416583915283000;3.376282958984375;0.1626739501953125;-0.997467041015625;0.009246826171875;0.1469327211380005;-0.0913104712963104;-0.2341933250427246
1768416583925283800;3.386283935546875;0.161407470703125;-0.9901580810546876;0.013092041015625;0.1552497744560241;-0.0919525623321533;-0.241427794098854
1768416583935285800;3.39628564453125;0.15679931640625;-0.9820709228515624;0.0100250244140625;0.1661514192819595;-0.0940082520246505;-0.2472465485334396
1768416583945287000;3.406286865234375;0.1572418212890625;-0.974578857421875;0.01177978515625;0.1831272095441818;-0.0977262929081916;-0.2446707338094711
1768416583955287800;3.416287841796875;0.1612701416015625;-0.973358154296875;0.0081024169921875;0.1969154626131057;-0.1039423793554306;-0.2495043724775314
1768416583965289000;3.4262890625;0.163360595703125;-0.9737091064453124;0.0013885498046875;0.2079329639673233;-0.0973798185586929;-0.2624254822731018
1768416583975291100;3.436291015625;0.1596221923828125;-0.9696502685546876;-0.003570556640625;0.225458949804306;-0.0854358077049255;-0.2736416757106781
1768416583985292000;3.4462919921875;0.1542205810546875;-0.970672607421875;-0.0083465576171875;0.2454928457736969;-0.0613818690180778;-0.2777972519397735
1768416583995293000;3.45629296875;0.1507568359375;-0.971588134765625;-0.0182037353515625;0.2610619664192199;-0.0373428426682949;-0.2808931767940521
1768416584005294800;3.466294921875;0.15155029296875;-0.972930908203125;-0.0223236083984375;0.2723183333873749;-0.014315023086965;-0.28705894947052
1768416584015296000;3.4762958984375;0.1453094482421875;-0.975830078125;-0.0252838134765625;0.2827853560447693;0.0086874980479478;-0.2908720374107361
1768416584025297000;3.486296875;0.1423492431640625;-0.979827880859375;-0.0281219482421875;0.287212073802948;0.031243672594428;-0.2942529320716858
1768416584035298800;3.496298828125;0.1478729248046875;-0.9807281494140624;-0.0285797119140625;0.2888360619544983;0.0490176081657409;-0.2990356981754303
1768416584045300000;3.506300048828125;0.1607208251953125;-0.98150634765625;-0.026397705078125;0.2857142984867096;0.0500533133745193;-0.3062107861042022
1768416584055300900;3.51630078125;0.171112060546875;-0.98187255859375;-0.0195770263671875;0.2840181291103363;0.0457869283854961;-0.3095754384994507
1768416584065302000;3.526302001953125;0.1772308349609375;-0.978240966796875;-0.0159759521484375;0.2820532619953155;0.0358469486236572;-0.3026978075504303
1768416584075303700;3.5363037109375;0.180755615234375;-0.9752349853515624;-0.01611328125;0.2739255428314209;0.0144585678353905;-0.2761828601360321
1768416584085305000;3.54630517578125;0.19384765625;-0.9767913818359376;-0.0167388916015625;0.254300445318222;-0.0132665364071726;-0.250936359167099
1768416584095306000;3.556305908203125;0.21258544921875;-0.9803009033203124;-0.014862060546875;0.2203070670366287;-0.0521564111113548;-0.2270983904600143
1768416584105308000;3.566307861328125;0.22406005859375;-0.98516845703125;-0.010467529296875;0.1872633695602417;-0.0937118455767631;-0.2061864584684372
1768416584115309000;3.57630908203125;0.21575927734375;-0.993927001953125;-0.0178375244140625;0.1515407860279083;-0.1135886162519455;-0.1881733685731887
1768416584125310000;3.58631005859375;0.1949462890625;-1.0078582763671875;-0.0356597900390625;0.1176217049360275;-0.1298860907554626;-0.1775601357221603
1768416584135312000;3.596311767578125;0.18109130859375;-1.0140380859375;-0.05694580078125;0.0783123821020126;-0.1425313204526901;-0.1731198579072952
1768416584145312800;3.606312744140625;0.173675537109375;-1.0081939697265625;-0.0673370361328125;0.0392472706735134;-0.1519533097743988;-0.1676931232213974
1768416584155314000;3.61631396484375;0.163360595703125;-0.9990692138671876;-0.0744781494140625;0.0131474938243627;-0.1600362658500671;-0.1585009545087814
1768416584165314800;3.626314697265625;0.1472015380859375;-0.9897308349609376;-0.0884857177734375;0.003901264630258;-0.1538785099983215;-0.1387118101119995
1768416584175316700;3.636316650390625;0.128814697265625;-0.9836883544921876;-0.111602783203125;0.0228669662028551;-0.1201101616024971;-0.1221109926700592
1768416584185318000;3.64631787109375;0.1075286865234375;-0.9796905517578124;-0.1441497802734375;0.0500993877649307;-0.0579642318189144;-0.1291872859001159
1768416584195319000;3.656319091796875;0.080657958984375;-0.97119140625;-0.1779632568359375;0.0795041471719741;0.0259181503206491;-0.1389283239841461
1768416584205321000;3.666321044921875;0.0566253662109375;-0.96380615234375;-0.2037506103515625;0.0977691709995269;0.1072873100638389;-0.1507999002933502
1768416584215322000;3.676322021484375;0.035888671875;-0.9549713134765624;-0.22723388671875;0.1029335707426071;0.1926397532224655;-0.1662534177303314
1768416584225323000;3.686322998046875;0.0240478515625;-0.9571533203125;-0.2465362548828125;0.0979843512177467;0.2714176476001739;-0.1903009712696075
1768416584235324000;3.696323974609375;0.016937255859375;-0.966217041015625;-0.2644195556640625;0.0828410908579826;0.3526898920536041;-0.217238038778305
1768416584245325800;3.706325927734375;0.0092010498046875;-0.977081298828125;-0.2779541015625;0.0542509891092777;0.4026976525783539;-0.2333887815475464
1768416584255327000;3.716326904296875;0.0017242431640625;-0.989501953125;-0.2855377197265625;0.0115506621077656;0.4072170257568359;-0.2332436442375183
1768416584265327900;3.726327880859375;-0.014373779296875;-1.005462646484375;-0.2798309326171875;-0.0500384010374546;0.3701319992542267;-0.2241231203079223
1768416584275329800;3.736329833984375;-0.03546142578125;-1.0176849365234375;-0.26495361328125;-0.122030571103096;0.3230249285697937;-0.205790176987648
1768416584285331000;3.7463310546875;-0.0484466552734375;-1.0216522216796875;-0.236968994140625;-0.1846044659614563;0.2849193513393402;-0.1970041394233703
1768416584295331800;3.756331787109375;-0.0484466552734375;-1.0220947265625;-0.187103271484375;-0.1945226043462753;0.2664543390274048;-0.1985850036144256
1768416584305334000;3.766333984375;-0.0545654296875;-1.0256195068359375;-0.136962890625;-0.1550305932760238;0.2670724391937256;-0.2142816632986068
1768416584315335000;3.7763349609375;-0.05413818359375;-1.0290679931640625;-0.1106414794921875;-0.0932641699910163;0.283030092716217;-0.2455394566059112
1768416584325336300;3.78633642578125;-0.05499267578125;-1.035552978515625;-0.102691650390625;-0.0213223323225975;0.3164141476154327;-0.2718584239482879
1768416584335337200;3.796337158203125;-0.052825927734375;-1.0455780029296875;-0.12939453125;0.0358381569385528;0.3372922837734222;-0.3020698428153991
1768416584345339100;3.806339111328125;-0.05401611328125;-1.06036376953125;-0.1768646240234375;0.0724699422717094;0.3479039072990417;-0.3264212608337402
1768416584355340300;3.81634033203125;-0.0435943603515625;-1.0763397216796875;-0.2292938232421875;0.0827396214008331;0.3620136082172394;-0.365254133939743
1768416584365341200;3.826341064453125;-0.0364990234375;-1.0952606201171875;-0.2557830810546875;0.0894305482506752;0.3726244270801544;-0.421099305152893
1768416584375343000;3.836343017578125;-0.0422210693359375;-1.1167144775390625;-0.2696380615234375;0.0857007876038551;0.3761885464191437;-0.4686857163906097
1768416584385344300;3.84634423828125;-0.071563720703125;-1.131256103515625;-0.2738800048828125;0.070549264550209;0.3664693534374237;-0.4677032828330993
1768416584395345200;3.85634521484375;-0.1103515625;-1.1379852294921875;-0.255035400390625;0.0463531166315078;0.3312511742115021;-0.4193157851696014
1768416584405347000;3.86634716796875;-0.120208740234375;-1.123291015625;-0.2219696044921875;0.0290241949260234;0.282275378704071;-0.3660048842430115
1768416584415348000;3.876347900390625;-0.104644775390625;-1.08538818359375;-0.1792449951171875;0.0396163836121559;0.2279657870531082;-0.3463084101676941
1768416584425349000;3.88634912109375;-0.103790283203125;-1.04681396484375;-0.138519287109375;0.0781549885869026;0.1817295849323272;-0.3346291184425354
1768416584435350300;3.896350341796875;-0.118560791015625;-1.0177154541015625;-0.11688232421875;0.1251158416271209;0.1425574123859405;-0.3080635666847229
1768416584445352200;3.906352294921875;-0.1194610595703125;-0.9963836669921876;-0.118621826171875;0.1666204035282135;0.1196678131818771;-0.2815153002738952
1768416584455353300;3.916353271484375;-0.0979156494140625;-0.9801177978515624;-0.140289306640625;0.1874607056379318;0.1128085702657699;-0.2667949497699737
1768416584465354200;3.926354248046875;-0.0751190185546875;-0.9626617431640624;-0.156890869140625;0.2026596367359161;0.1257214397192001;-0.2593593895435333
1768416584475356200;3.936356201171875;-0.063720703125;-0.952423095703125;-0.170135498046875;0.2077718377113342;0.1345301121473312;-0.2520706057548523
1768416584485357000;3.946357177734375;-0.069580078125;-0.9436187744140624;-0.1912994384765625;0.2077587842941284;0.1511751413345337;-0.2350535243749618
1768416584495358200;3.956358154296875;-0.0750579833984375;-0.9344482421875;-0.207611083984375;0.2013480216264724;0.1681005954742431;-0.2169442921876907
1768416584505359000;3.966359130859375;-0.073974609375;-0.9258270263671876;-0.2190399169921875;0.191980093717575;0.1769753098487854;-0.1993613094091415
1768416584515361000;3.976361083984375;-0.0762939453125;-0.922271728515625;-0.2247467041015625;0.1803093254566192;0.193610206246376;-0.1855842471122741
1768416584525362200;3.986362060546875;-0.0734100341796875;-0.922607421875;-0.223846435546875;0.1705485731363296;0.208999291062355;-0.1805287599563598
1768416584535363000;3.996363037109375;-0.068115234375;-0.920867919921875;-0.2228851318359375;0.1557887941598892;0.2215228080749511;-0.173342764377594
1768416584545365000;4.006364990234375;-0.063751220703125;-0.925628662109375;-0.2247161865234375;0.1418189257383346;0.2388818264007568;-0.1586953699588775
1768416584555366100;4.0163662109375;-0.06097412109375;-0.930511474609375;-0.2257537841796875;0.1200052350759506;0.2530229389667511;-0.1271044164896011
1768416584565367300;4.0263671875;-0.0606231689453125;-0.932861328125;-0.2300872802734375;0.0986370965838432;0.2745892107486725;-0.0877120122313499
1768416584575369200;4.036369140625;-0.0519561767578125;-0.9327545166015624;-0.2264404296875;0.0832312405109405;0.3018487989902496;-0.0551530010998249
1768416584585370000;4.0463701171875;-0.0360565185546875;-0.9316864013671876;-0.218017578125;0.0811377316713333;0.3322796821594238;-0.0431304275989532
1768416584595371300;4.056371337890625;-0.027069091796875;-0.932342529296875;-0.2130126953125;0.0878318473696708;0.3763086497783661;-0.0378235466778278
1768416584605372200;4.0663720703125;-0.02801513671875;-0.938720703125;-0.2107696533203125;0.0862517952919006;0.4061861336231231;-0.0301738809794187
1768416584615374000;4.0763740234375;-0.0339508056640625;-0.9442901611328124;-0.2167816162109375;0.0678464248776435;0.4312230348587036;-0.0166365001350641
1768416584625375000;4.086375;-0.02813720703125;-0.9476470947265624;-0.212554931640625;0.0533535033464431;0.4582416117191314;0.0024000408593565
1768416584635376000;4.096376220703125;-0.0159454345703125;-0.947998046875;-0.2042388916015625;0.0465312823653221;0.4714756608009338;0.0174639448523521
1768416584645378000;4.1063779296875;-0.01031494140625;-0.947967529296875;-0.195831298828125;0.0502711609005928;0.4742895364761352;0.0319917537271976
1768416584655379000;4.11637890625;-0.01873779296875;-0.9450225830078124;-0.1942901611328125;0.0584622435271739;0.4820683598518371;0.0464282184839248
1768416584665380400;4.12638037109375;-0.0311431884765625;-0.9429168701171876;-0.1962127685546875;0.0667896792292594;0.4897025823593139;0.0696773454546928
1768416584675382000;4.136382080078125;-0.0339202880859375;-0.9449920654296876;-0.200836181640625;0.079028770327568;0.5036652684211731;0.0970554426312446
1768416584685383200;4.146383056640625;-0.0281524658203125;-0.957366943359375;-0.2137908935546875;0.0779898762702941;0.5050873756408691;0.1242077052593231
1768416584695384300;4.15638427734375;-0.028167724609375;-0.973785400390625;-0.2209320068359375;0.0655718222260475;0.4845120906829834;0.1528928726911544
1768416584705385200;4.16638525390625;-0.0255126953125;-0.97967529296875;-0.214508056640625;0.0490964390337467;0.4701477885246277;0.1755411922931671
1768416584715387100;4.17638720703125;-0.011138916015625;-0.9782562255859376;-0.201446533203125;0.0265383999794721;0.4486267864704132;0.1819415688514709
1768416584725388000;4.186387939453125;0.00054931640625;-0.9726715087890624;-0.195770263671875;0.0049042110331356;0.4205709099769592;0.1872497797012329
1768416584735389200;4.19638916015625;0.0022430419921875;-0.9590911865234376;-0.1944732666015625;-0.0120414830744266;0.4025999009609222;0.2005301713943481
1768416584745391000;4.20639111328125;0.0041046142578125;-0.947021484375;-0.18890380859375;-0.0230438001453876;0.3748804032802582;0.2267561852931976
1768416584755392000;4.21639208984375;-0.0038299560546875;-0.9403076171875;-0.18994140625;-0.0275109857320785;0.3570369482040405;0.2584850788116455
1768416584765393200;4.22639306640625;-0.005584716796875;-0.9361419677734376;-0.1902618408203125;-0.023176958784461;0.3429262042045593;0.2841768562793731
1768416584775394300;4.236394287109375;0.0004119873046875;-0.938690185546875;-0.1868438720703125;-0.0221266075968742;0.3241873979568481;0.2971744239330292
1768416584785396200;4.246396240234375;0.009490966796875;-0.9450225830078124;-0.1842041015625;-0.0188011173158884;0.3186208605766296;0.3014751672744751
1768416584795397000;4.256397216796875;0.01861572265625;-0.95892333984375;-0.180877685546875;-0.0172365102916955;0.3060257136821747;0.3008559644222259
1768416584805398300;4.266398193359375;0.0248565673828125;-0.9730987548828124;-0.179443359375;-0.0183297395706176;0.2806780040264129;0.294198602437973
1768416584815400200;4.276400146484375;0.0286102294921875;-0.98614501953125;-0.17437744140625;-0.0183140262961387;0.2527446448802948;0.2874336540699005
1768416584825401000;4.286401123046875;0.0369720458984375;-0.991180419921875;-0.1676025390625;-0.0137251336127519;0.2364367693662643;0.27630615234375
1768416584835402200;4.29640234375;0.0509490966796875;-0.9841766357421876;-0.1696014404296875;-0.001716939965263;0.205617070198059;0.2587029337882995
1768416584845404200;4.306404052734375;0.05975341796875;-0.9729461669921876;-0.170654296875;0.0125394938513636;0.1710678786039352;0.2365693897008896
1768416584855405000;4.316405029296875;0.0562286376953125;-0.9642486572265624;-0.175628662109375;0.0271200351417064;0.1500331759452819;0.2148787528276443
1768416584865406000;4.326406005859375;0.0465545654296875;-0.9535980224609376;-0.18212890625;0.0393956080079078;0.1248316839337349;0.2066621035337448
1768416584875407000;4.336406982421875;0.0366058349609375;-0.9476470947265624;-0.18499755859375;0.0516703836619854;0.0956250578165054;0.2090160697698593
1768416584885409000;4.346408935546875;0.0319976806640625;-0.943634033203125;-0.1876678466796875;0.0469041243195533;0.0640969574451446;0.2148438543081283
1768416584895410200;4.35641015625;0.033782958984375;-0.948028564453125;-0.1888580322265625;0.0312442053109407;0.0336285345256328;0.209110602736473
1768416584905411300;4.366411376953125;0.0263824462890625;-0.9562835693359376;-0.191253662109375;0.0087753823027014;0.006582002621144;0.1967474222183227
1768416584915413200;4.376413330078125;0.0121612548828125;-0.9656219482421876;-0.18939208984375;-0.0202930215746164;-0.009972739033401;0.180269107222557
1768416584925414100;4.3864140625;-0.0047607421875;-0.9752960205078124;-0.188232421875;-0.0440857037901878;-0.0087732514366507;0.1744919121265411
1768416584935415300;4.396415283203125;-0.013397216796875;-0.97998046875;-0.1881103515625;-0.0623065158724784;0.0012125372886657;0.1735416948795318
1768416584945416200;4.406416259765625;-0.00543212890625;-0.9789886474609376;-0.197845458984375;-0.0776740238070488;0.0161265060305595;0.1738708615303039
1768416584955418000;4.416418212890625;0.0140228271484375;-0.9656982421875;-0.2035064697265625;-0.0934300795197486;0.0173190683126449;0.1792203485965728
1768416584965419000;4.4264189453125;0.0314788818359375;-0.947509765625;-0.2080230712890625;-0.1155353859066963;0.0058480352163314;0.1878836154937744
1768416584975420200;4.436420166015625;0.0370025634765625;-0.9256744384765624;-0.2085723876953125;-0.1398433893918991;-0.0237833596765995;0.1980723440647125
1768416584985422000;4.446422119140625;0.027740478515625;-0.9018707275390624;-0.205169677734375;-0.1565067917108535;-0.0512043312191963;0.2079215049743652
1768416584995423000;4.456423095703125;0.0159759521484375;-0.8883056640625;-0.1962738037109375;-0.1691144555807113;-0.0511361546814441;0.2196159809827804
1768416585005424400;4.46642431640625;0.012847900390625;-0.8932952880859375;-0.186981201171875;-0.1671426445245742;-0.0383814759552478;0.2358133196830749
1768416585015426000;4.476426025390625;0.0165557861328125;-0.911773681640625;-0.1839447021484375;-0.1645676344633102;-0.0206815768033266;0.2609722018241882
1768416585025427200;4.48642724609375;0.0388336181640625;-0.940155029296875;-0.1816558837890625;-0.1794504523277282;-0.0150433983653783;0.272978276014328
1768416585035428000;4.496427978515625;0.0614471435546875;-0.9727020263671876;-0.17083740234375;-0.2070565074682235;0.0058022290468215;0.2583519220352173
1768416585045429200;4.50642919921875;0.083404541015625;-0.995269775390625;-0.1556243896484375;-0.221160352230072;0.0142875928431749;0.2237023413181305
1768416585055431200;4.51643115234375;0.107269287109375;-0.99951171875;-0.1403961181640625;-0.2274523377418518;-0.006026467308402;0.177019789814949
1768416585065432000;4.52643212890625;0.10833740234375;-0.9872589111328124;-0.1246490478515625;-0.2377859354019165;-0.0468942709267139;0.1249435320496559
1768416585075433200;4.53643310546875;0.08935546875;-0.9603271484375;-0.08795166015625;-0.2716293931007385;-0.1036901772022247;0.0746673122048378
1768416585085435100;4.54643505859375;0.0536346435546875;-0.92999267578125;-0.0550689697265625;-0.3060249090194702;-0.1242684200406074;0.0697183609008789
1768416585095436000;4.55643603515625;0.0331268310546875;-0.911651611328125;-0.0181884765625;-0.3092814087867737;-0.1436610221862793;0.0994307175278663
1768416585105437000;4.56643701171875;0.020111083984375;-0.924835205078125;0.0158843994140625;-0.2899820208549499;-0.1878159791231155;0.132155641913414
1768416585115438300;4.576438232421875;0.01220703125;-0.9651031494140624;0.06494140625;-0.2612230777740478;-0.3736524283885956;0.155374139547348
1768416585125440000;4.58643994140625;0.0256805419921875;-1.05328369140625;0.0683135986328125;-0.20485620200634;-0.5476537942886353;0.1780229955911636
1768416585135441200;4.596441162109375;0.080352783203125;-1.1705474853515625;0.00238037109375;-0.1549405753612518;-0.8517175316810608;0.1963945478200912
1768416585145442300;4.6064423828125;0.155181884765625;-1.261505126953125;-0.1303863525390625;-0.1771489530801773;-0.943664252758026;0.1440056413412094
1768416585155444200;4.6164443359375;0.2840576171875;-1.2365875244140625;-0.1493988037109375;-0.1576807051897049;-1.066472411155701;-0.0507449358701705
1768416585165445000;4.626445068359375;0.33880615234375;-1.192474365234375;-0.1880340576171875;-0.1800682991743087;-1.181318283081055;-0.3498786389827728
1768416585175446000;4.636446044921875;0.2820281982421875;-1.085052490234375;-0.2348480224609375;-0.2320380210876464;-1.2099153995513916;-0.620369017124176
1768416585185448200;4.6464482421875;0.2171783447265625;-0.93280029296875;-0.1824493408203125;-0.2473320364952087;-1.3073681592941284;-0.7969621419906616
1768416585195449000;4.656448974609375;0.13427734375;-0.8231964111328125;-0.0428314208984375;-0.1926035434007644;-1.4076212644577026;-0.8765027523040771
1768416585205450000;4.666449951171875;0.0751495361328125;-0.748992919921875;0.034271240234375;-0.1180177181959152;-1.381810188293457;-0.8814607858657837
1768416585215451100;4.676451171875;0.0904083251953125;-0.71978759765625;0.054443359375;-0.0441115349531173;-1.340800166130066;-0.8986994028091431
1768416585225453000;4.686453125;0.1149444580078125;-0.7279052734375;0.0612945556640625;0.0288321804255247;-1.305473566055298;-0.9662198424339294
1768416585235454200;4.6964541015625;0.11627197265625;-0.7642974853515625;0.0622406005859375;0.1247712299227714;-1.2900999784469604;-1.0105897188186646
1768416585245455400;4.706455322265625;0.0999603271484375;-0.8207855224609375;0.04571533203125;0.2142395973205566;-1.251606822013855;-0.9960044026374816
1768416585255457300;4.716457275390625;0.1092987060546875;-0.891510009765625;0.0105438232421875;0.2630990147590637;-1.21600604057312;-1.001373291015625
1768416585265458200;4.726458251953125;0.1105499267578125;-0.964569091796875;-0.03326416015625;0.2850445210933685;-1.1899237632751465;-1.016926407814026
1768416585275459000;4.736458984375;0.0897979736328125;-1.035003662109375;-0.0788421630859375;0.2952734529972076;-1.1649417877197266;-1.0264155864715576
1768416585285460200;4.746460205078125;0.068359375;-1.0361175537109375;-0.1397247314453125;0.3495870232582092;-1.076906681060791;-1.0141562223434448
1768416585295462100;4.756462158203125;0.0389404296875;-0.9603424072265624;-0.2397003173828125;0.3960070013999939;-0.9330317974090576;-0.940463125705719
1768416585305463000;4.766463134765625;-0.008819580078125;-0.9071044921875;-0.29034423828125;0.5108100175857544;-0.7602280974388123;-0.7960113883018494
1768416585315464000;4.7764638671875;-0.008209228515625;-0.8702545166015625;-0.355224609375;0.586315393447876;-0.6102409958839417;-0.7069430351257324
1768416585325466000;4.786466064453125;0.030303955078125;-0.8516998291015625;-0.414520263671875;0.6111491322517395;-0.4950997531414032;-0.6598204970359802
1768416585335467000;4.796467041015625;0.074676513671875;-0.877288818359375;-0.415557861328125;0.5779632329940796;-0.3666845262050628;-0.6422620415687561
1768416585345468200;4.80646826171875;0.1036376953125;-0.9217376708984376;-0.3538360595703125;0.5021936297416687;-0.229994848370552;-0.6643582582473755
1768416585355469000;4.816468994140625;0.1366729736328125;-0.9436798095703124;-0.2684478759765625;0.3830866515636444;-0.0988067388534545;-0.7023229598999023
1768416585365471200;4.82647119140625;0.1626129150390625;-0.92926025390625;-0.1763153076171875;0.2498782724142074;0.0283685252070426;-0.732532799243927
1768416585375472000;4.83647216796875;0.161865234375;-0.857940673828125;-0.0805816650390625;0.161143347620964;0.0876654013991355;-0.7320084571838379
1768416585385473000;4.84647314453125;0.11358642578125;-0.76031494140625;-0.009307861328125;0.1266468912363052;0.0911570712924003;-0.6953340172767639
1768416585395475200;4.85647509765625;0.0196075439453125;-0.6538238525390625;0.035614013671875;0.1531107276678085;0.1417451500892639;-0.6041596531867981
1768416585405476000;4.86647607421875;-0.0448150634765625;-0.5463409423828125;0.053253173828125;0.2480148673057556;0.2212458401918411;-0.4891755580902099
1768416585415477000;4.87647705078125;-0.09033203125;-0.46966552734375;0.0284881591796875;0.3639750182628631;0.332794725894928;-0.363908439874649
1768416585425479200;4.886479248046875;-0.1110076904296875;-0.459197998046875;-0.0487518310546875;0.4292256534099579;0.4114125669002533;-0.2621879279613495
1768416585435480000;4.89647998046875;-0.0946502685546875;-0.5167999267578125;-0.1524810791015625;0.4363472163677215;0.4495999217033386;-0.1930440217256546
1768416585445481000;4.90648095703125;-0.1126251220703125;-0.5938262939453125;-0.2666473388671875;0.3621052205562591;0.4610845148563385;-0.1180496737360954
1768416585455482000;4.916482177734375;-0.135528564453125;-0.6688232421875;-0.286285400390625;0.3877469301223755;0.3992493748664856;0.0131749240681529
1768416585465484000;4.926484130859375;-0.141845703125;-0.788177490234375;-0.253387451171875;0.3570228517055511;0.2633754312992096;0.1646486073732376
1768416585475485200;4.936485107421875;-0.1641387939453125;-0.8371734619140625;-0.265106201171875;0.3280007839202881;0.1319037079811096;0.2775437235832214
1768416585485486000;4.946486083984375;-0.1011505126953125;-0.841888427734375;-0.14764404296875;0.3529790937900543;0.0158665813505649;0.3291645646095276
1768416585495488300;4.95648828125;-0.09735107421875;-0.859619140625;-0.03875732421875;0.5042530298233032;-0.0994546860456466;0.3650860786437988
1768416585505489200;4.9664892578125;-0.011077880859375;-0.805389404296875;0.18756103515625;0.7080482244491577;-0.0824203044176101;0.1501532793045044
1768416585515490000;4.976489990234375;0.0932159423828125;-0.731201171875;0.2298126220703125;0.8152897357940674;-0.186495840549469;-0.0920281931757927
1768416585525491000;4.986490966796875;0.1422119140625;-0.662353515625;0.1862335205078125;0.884571373462677;-0.250711590051651;-0.3445291519165039
1768416585535493000;4.9964931640625;0.2359771728515625;-0.5455780029296875;0.2253265380859375;1.0285173654556274;-0.2472670525312423;-0.6025047898292542
1768416585545494000;5.006493896484375;0.25634765625;-0.4196014404296875;0.2846832275390625;1.225475192070007;-0.2072077840566635;-0.7907553911209106
1768416585555495000;5.016494873046875;0.2233734130859375;-0.3381805419921875;0.262847900390625;1.3411670923233032;-0.3523804247379303;-0.8770905137062073
1768416585565497000;5.0264970703125;0.198760986328125;-0.2823944091796875;0.184356689453125;1.3813267946243286;-0.5149804949760437;-0.8921847939491272
1768416585575498000;5.036498046875;0.2086029052734375;-0.2462005615234375;0.11553955078125;1.4795982837677002;-0.5647163987159729;-0.7945002913475037
1768416585585499100;5.0464990234375;0.20831298828125;-0.268585205078125;0.0368804931640625;1.619714379310608;-0.4924967885017395;-0.7081049680709839
1768416585595501300;5.056501220703125;0.1514129638671875;-0.358917236328125;-0.1169891357421875;1.7294232845306396;-0.4251267910003662;-0.6935332417488098
1768416585605502200;5.066502197265625;0.162078857421875;-0.497955322265625;-0.312164306640625;1.6961941719055176;-0.3502839803695678;-0.8959038853645325
1768416585615503000;5.076503173828125;0.1685638427734375;-0.6187896728515625;-0.4789276123046875;1.4994584321975708;-0.1942112892866134;-1.1952810287475586
1768416585625504000;5.08650390625;0.0443572998046875;-0.706817626953125;-0.56195068359375;1.2459255456924438;-0.0704057216644287;-1.4377833604812622
1768416585635506200;5.096506103515625;-0.1107940673828125;-0.77557373046875;-0.5357818603515625;1.0554320812225342;-0.1197498366236686;-1.614115834236145
1768416585645507000;5.106507080078125;-0.305755615234375;-0.7557220458984375;-0.420074462890625;0.9944243431091307;0.0002972087822854;-1.627801775932312
1768416585655508000;5.116508056640625;-0.3956298828125;-0.6787261962890625;-0.2937469482421875;1.1441720724105835;0.4356196522712707;-1.5751510858535769
1768416585665510100;5.12651025390625;-0.2815704345703125;-0.60015869140625;-0.2162322998046875;1.4178043603897097;0.8520594835281372;-1.556827187538147
1768416585675511000;5.136510986328125;-0.1255035400390625;-0.5826568603515625;-0.20599365234375;1.6332026720046997;1.080042839050293;-1.6520147323608398
1768416585685512200;5.14651220703125;-0.1667327880859375;-0.59100341796875;-0.253448486328125;1.625706672668457;1.072781682014465;-1.7320441007614136
1768416585695513900;5.156513916015625;-0.2600555419921875;-0.68408203125;-0.324615478515625;1.32375967502594;0.8743879795074463;-1.7546569108963013
1768416585705515300;5.166515380859375;-0.1284942626953125;-0.85198974609375;-0.33905029296875;0.8980922102928162;0.6478557586669922;-1.921366572380066
1768416585715516200;5.17651611328125;0.0299224853515625;-1.050384521484375;-0.22021484375;0.5557071566581726;0.3913730978965759;-2.350755214691162
1768416585725517000;5.18651708984375;0.0725860595703125;-1.1111297607421875;0.0627288818359375;0.6167033910751343;0.4107694327831268;-2.759099245071411
1768416585735519200;5.196519287109375;0.0039520263671875;-0.9709625244140624;0.3389434814453125;0.9243629574775696;0.5181299448013306;-3.021950006484986
1768416585745520000;5.20652001953125;-0.1430816650390625;-0.84613037109375;0.3288116455078125;1.1420835256576538;0.5832924842834473;-3.105499505996704
1768416585755521000;5.21652099609375;-0.297760009765625;-0.8285064697265625;0.1360626220703125;1.1977615356445312;0.6805710792541504;-3.2644877433776855
1768416585765523000;5.22652294921875;-0.297088623046875;-0.8450927734375;0.0684967041015625;1.1927744150161743;0.8672240376472473;-3.5958027839660645
1768416585775524000;5.236524169921875;-0.3932952880859375;-0.8277130126953125;0.0876007080078125;1.184126615524292;1.120319962501526;-3.8051750659942623
1768416585785525000;5.24652490234375;-0.6431121826171875;-0.733795166015625;0.017364501953125;1.1327489614486694;1.228422999382019;-3.7040183544158936
1768416585795526100;5.256526123046875;-0.8885955810546875;-0.633819580078125;-0.169708251953125;0.972379505634308;1.0264432430267334;-3.3746840953826904
1768416585805528000;5.266528076171875;-0.9801025390625;-0.63031005859375;-0.332122802734375;0.8454548120498657;0.8537282347679138;-3.212437152862549
1768416585815529200;5.276529296875;-1.5876312255859375;-0.710723876953125;-0.23223876953125;1.0228285789489746;1.07524573802948;-1.975383996963501
1768416585825530000;5.286530029296875;-2.0570220947265625;-0.9508209228515624;-0.399505615234375;1.0622398853302002;1.9014458656311035;-1.0941962003707886
1768416585835532000;5.296531982421875;-0.660247802734375;-1.27630615234375;-0.99285888671875;1.0625452995300293;1.9760180711746216;-2.1219260692596436
1768416585845533200;5.306533203125;0.16656494140625;-1.5560760498046875;-1.04608154296875;1.1583898067474363;1.522229552268982;-3.3283352851867676
1768416585855534000;5.3165341796875;0.10113525390625;-1.67205810546875;-1.209075927734375;0.856334388256073;1.772364854812622;-4.049132823944092
1768416585865536000;5.326535888671875;0.1224365234375;-1.5423583984375;-1.4338226318359375;0.2306188344955444;2.660630702972412;-4.1534857749938965
1768416585875537200;5.336537109375;0.2183380126953125;-1.2351226806640625;-1.2706146240234375;-0.3296609818935394;3.194679021835327;-3.996917486190796
1768416585885538000;5.3465380859375;0.326324462890625;-0.9695892333984376;-0.990936279296875;-0.6158003211021423;3.389770984649658;-4.065329551696777
1768416585895539000;5.3565390625;0.4399871826171875;-0.7422943115234375;-0.9149322509765624;-0.7084474563598633;3.082310914993286;-4.519825458526611
1768416585905541000;5.366541015625;0.39459228515625;-0.4859619140625;-1.0989990234375;-0.7241976261138916;2.70389175415039;-5.14137601852417
1768416585915542000;5.3765419921875;-0.291107177734375;-0.1366729736328125;-1.54296875;-1.0976673364639282;2.039097309112549;-5.0220627784729
1768416585925543200;5.386543212890625;-1.775054931640625;0.30914306640625;-1.9238128662109375;-1.6597110033035278;1.4802720546722412;-4.3037590980529785
1768416585935545000;5.396545166015625;-2.8210906982421875;0.501251220703125;-1.8387451171875;-1.609432339668274;2.339775323867798;-4.4334588050842285
