timestamp;acc_x;acc_y;acc_z;gyro_x;gyro_y;gyro_z
191228;9.25;1.41;-2.29;-2.5;-14.4375;-5.75
191228;9.05;0.63;-2.2;7.625;-15.375;5.25
191228;9.39;0.68;-2.22;10.4375;-15.125;5.0
191228;9.57;0.7;-2.19;15.625;-12.875;5.0
191228;12.51;0.6;-3.49;24.1875;11.8125;-3.875
191228;12.06;0.27;-3.86;25.125;16.75;-4.0625
191228;10.18;0.92;-4.5;27.5625;6.25;-2.125
191228;10.48;1.25;-4.21;26.4375;-3.125;-0.875
191228;9.34;-0.19;-4.17;38.25;-10.9375;15.375
191228;9.39;-0.16;-3.97;35.25;-10.75;16.3125
191228;9.55;-0.04;-3.54;27.6875;-10.8125;17.5
191228;8.35;-1.19;-3.35;6.625;0.75;19.125
191228;8.25;-1.14;-3.22;6.125;1.375;18.5
191228;8.1;-1.06;-3.15;4.6875;3.0625;16.1875
191228;7.76;-0.98;-2.99;3.5;4.5625;14.875
191228;8.64;-10.0;-2.91;-4.75;5.1875;12.5
191228;8.66;-1.23;-2.97;-3.875;6.3125;10.8125
191228;8.95;-1.4;-3.04;-3.0;7.8125;10.6875
191228;8.91;-1.3;-2.87;-3.25;9.8125;10.25
191228;8.69;-1.47;-2.54;-6.6875;-0.375;3.75
191228;8.69;-1.74;-2.52;-2.6875;1.1875;1.9375
191228;8.8;-1.76;-2.37;-0.6875;0.875;0.6875
191228;9.66;-0.8;-3.28;-8.125;10.1875;-15.4375
191229;9.7;-2.17;-4.52;-1.4375;3.1875;-14.25
191229;11.05;-3.26;-5.09;4.0625;-0.8125;-13.0625
191229;12.85;-2.79;-4.29;13.25;1.1875;-10.25
191229;9.58;-0.45;-4.47;-10.9375;-19.5;-10.5625
191229;9.79;-0.5;-4.14;-9.8125;-14.4375;-5.625
191229;9.82;-0.52;-3.82;-9.3125;-11.1875;-4.5625
191229;8.85;-0.49;-4.09;-1.3125;-2.5;-10.0
191229;8.54;-0.5;-3.83;1.3125;-1.875;-13.3125
191229;8.47;-0.39;-3.54;0.9375;-1.125;-15.125
191229;8.62;0.45;-2.46;-4.6875;2.9375;-18.4375
191229;8.18;-0.47;-2.46;1.625;1.6875;-16.625
191229;8.3;0.17;-2.33;-1.0;3.9375;-15.9375
191229;8.23;0.98;-2.23;-5.0625;2.8125;-14.1875
191229;9.0;0.91;-2.01;-3.9375;0.9375;-2.3125
191229;8.9;1.32;-1.93;-7.0625;-1.4375;-0.0625
191229;9.01;1.38;-1.94;-8.0625;-2.25;0.5625
191229;9.49;1.42;-2.06;-6.6875;-2.0625;3.0
191229;9.32;0.69;-4.47;23.5625;0.3125;8.25
191229;9.32;1.3;-5.36;25.8125;-12.6875;8.875
191229;11.68;2.33;-5.14;21.625;-17.5625;5.0625
191229;14.83;1.5;-4.21;10.8125;-4.8125;-10.1875
191230;10.31;0.17;-4.73;20.875;-9.125;12.3125
191230;10.97;-0.58;-3.95;16.4375;-3.5;10.625
191230;10.68;-0.93;-3.7;12.1875;8.875;8.875
191230;8.38;-1.22;-3.42;4.4375;2.625;13.0
191230;8.33;-1.41;-3.24;7.125;1.8125;13.8125
191230;8.46;-1.38;-3.16;7.75;2.125;13.0
191230;8.55;-1.26;-2.98;9.5625;4.875;10.125
191230;8.15;-1.2;-2.7;3.25;15.75;17.875
191230;8.06;-1.52;-2.61;5.375;13.5;17.0625
191230;8.0;-1.55;-2.45;5.5625;9.9375;14.25
191230;8.29;-1.14;-2.58;7.5625;7.1875;13.5625
191230;8.77;-1.05;-2.18;3.1875;-1.0625;3.5
191230;8.92;-0.98;-2.19;0.375;-4.75;2.125
191230;9.2;-1.05;-2.09;-1.25;-4.75;1.25
191230;9.98;-1.43;-2.18;-8.3125;5.8125;-4.5
191230;9.71;-1.28;-3.25;-8.5;4.875;-5.375
191230;9.8;-1.46;-3.98;-7.25;-4.75;-6.125
191230;11.08;-2.32;-4.85;-4.9375;-9.625;-4.25
191230;10.23;-0.8;-4.52;-4.875;-29.9375;-8.8125
191230;9.88;-0.68;-4.58;-5.1875;-24.3125;-7.9375
191231;9.89;-0.65;-4.29;-5.1875;-22.0625;-7.5625
191231;8.5;0.35;-2.85;-19.875;6.875;-10.1875
191231;8.21;0.01;-2.98;-18.5625;8.25;-10.625
191231;7.87;-0.32;-3.12;-16.25;7.875;-9.625
191231;7.65;-0.34;-3.23;-15.25;6.4375;-8.9375
191231;8.1;0.31;-2.57;-14.375;-0.125;-13.6875
191231;8.62;0.39;-2.5;-19.3125;1.1875;-14.3125
191231;9.22;0.64;-2.3;-23.3125;6.4375;-14.3125
191231;9.0;0.54;-2.35;-7.5;2.125;-7.5625
191231;9.18;0.65;-2.23;-6.5625;0.375;-6.6875
191231;9.19;0.8;-2.21;-4.875;-1.0625;-5.0625
191231;9.06;0.97;-2.22;-4.3125;-2.3125;-4.375
191231;10.01;0.9;-2.11;3.3125;-11.0625;4.875
191231;10.13;0.81;-2.15;8.5625;-7.375;6.8125
191231;10.16;0.75;-2.03;11.5;-5.8125;7.1875
191231;10.1;0.84;-1.77;15.375;-3.375;7.3125
191231;8.52;0.02;-3.62;27.1875;12.0;-7.0
191231;9.12;0.98;-3.9;21.125;-14.125;-4.3125
191231;10.98;1.13;-4.73;20.625;-23.25;-1.375
191231;9.35;-0.6;-4.0;20.75;-10.9375;17.1875
191232;9.55;-0.54;-3.45;21.6875;-6.5;16.625
191232;9.58;-0.49;-3.17;20.8125;-3.375;15.5
191232;9.22;-0.4;-2.77;18.0;2.25;13.6875
191232;8.06;-1.22;-2.84;9.375;3.0625;11.25
191232;8.14;-1.61;-2.98;11.3125;6.4375;11.4375
191232;8.06;-1.55;-3.0;12.0625;7.25;11.9375
191232;8.69;-1.13;-2.55;2.9375;10.625;10.0
191232;8.56;-0.84;-2.51;0.875;8.6875;7.8125
191232;8.89;-0.78;-2.5;-0.6875;7.3125;7.9375
191232;9.06;-0.59;-2.43;-3.125;5.8125;7.3125
191232;9.27;-1.68;-2.23;9.0;-1.125;2.4375
191232;9.24;-1.42;-2.07;7.9375;0.625;0.3125
191232;8.9;-1.19;-1.97;6.5;2.625;-1.6875
191232;8.86;-1.07;-1.68;-0.6875;-3.3125;-4.3125
191232;10.1;-1.85;-3.69;1.6875;-11.125;-11.125
191232;13.08;-3.23;-3.53;3.5625;-9.9375;-10.3125
191232;14.12;-3.22;-3.19;11.1875;0.5;-2.875
191232;10.28;-0.35;-4.61;-14.4375;-16.75;-12.5
191232;10.21;-0.51;-4.3;-19.4375;-12.5625;-9.5625
191232;9.43;-0.5;-4.21;-19.625;-9.1875;-8.125
191233;8.71;-0.46;-3.27;-15.3125;-1.9375;-12.0
191233;8.2;-0.64;-3.18;-10.5;-3.4375;-12.6875
191233;7.94;-0.5;-2.97;-8.4375;-5.625;-12.6875
191233;7.76;-0.09;-3.05;-8.5625;-7.1875;-12.25
191233;7.51;0.64;-2.64;-16.0;2.1875;-15.1875
191233;8.06;0.76;-2.8;-17.0625;-3.875;-14.125
191233;8.73;0.76;-2.97;-18.0;-5.8125;-12.875
191233;8.53;0.33;-2.6;-3.1875;8.1875;-6.375
191233;8.43;0.25;-2.5;3.375;5.5625;-5.625
191233;8.19;0.34;-2.4;5.5625;2.375;-4.4375
191233;8.32;0.48;-2.34;9.0;-4.125;-2.5625
191233;10.06;0.88;-2.05;9.9375;-3.0625;2.6875
191233;9.78;0.79;-1.73;14.375;2.4375;3.625
191233;9.81;0.77;-1.64;16.9375;3.5625;4.5625
191233;9.96;0.42;-1.72;21.0625;4.4375;5.3125
191233;9.14;1.21;-4.83;26.4375;-18.25;-1.75
191233;10.77;1.38;-4.8;29.0625;-26.5;3.5
191233;10.57;1.09;-5.0;29.8125;-21.375;8.9375
191233;9.49;-0.45;-3.27;17.5625;-5.8125;12.6875
191233;9.33;-0.33;-3.25;18.75;-2.8125;12.9375
191233;9.22;-0.32;-3.06;19.875;-1.125;13.3125
191234;9.02;-0.4;-2.76;18.25;1.625;14.375
191234;7.99;-0.92;-2.88;-4.75;4.5625;12.125
191234;7.83;-0.97;-3.1;-4.0625;4.0625;11.875
191234;7.86;-0.99;-2.97;-2.25;2.3125;11.75
191234;9.2;-0.47;-2.86;-7.5;1.25;10.125
191234;9.29;-0.69;-2.84;-10.5625;2.6875;7.6875
191234;9.27;-0.89;-2.8;-11.6875;4.375;7.625
191234;9.18;-1.26;-2.54;-11.625;7.0;6.875
191234;8.96;-1.41;-2.07;-5.1875;1.75;2.1875
191234;8.8;-0.91;-1.82;-6.4375;1.25;0.75
191234;8.78;-0.69;-1.82;-8.9375;-0.875;-1.3125
191234;8.95;-0.69;-1.92;-9.625;-2.0;-2.125
191234;14.28;-0.54;-4.72;7.3125;10.125;6.875
191234;13.24;0.1;-4.42;8.75;13.25;8.375
191234;10.85;0.25;-4.1;-6.0;10.125;2.3125
191234;9.24;-0.93;-3.8;-9.8125;-10.75;-5.375
191234;8.54;-0.75;-3.46;-9.8125;-9.4375;-6.5625
191234;8.53;-0.44;-3.33;-11.375;-10.3125;-10.8125
191234;8.56;0.73;-3.16;-12.6875;-10.5;-12.5625
191234;8.42;-0.11;-3.04;-9.75;-6.4375;-13.375
191235;8.29;0.12;-3.04;-8.3125;-2.1875;-13.75
191235;7.64;0.69;-2.91;-4.125;3.9375;-14.375
191235;8.86;1.15;-2.97;-10.4375;12.875;-13.4375
191235;8.63;0.92;-2.98;-10.1875;11.75;-12.3125
191235;8.66;0.79;-2.88;-9.0625;10.625;-11.125
191235;8.49;0.61;-2.85;-8.0625;10.75;-10.5625
191235;9.18;0.99;-2.61;3.6875;-1.375;1.5
191235;9.0;1.08;-2.63;4.6875;-3.75;6.3125
191235;8.82;1.92;-2.24;3.875;-5.625;8.3125
191235;11.04;1.5;-3.59;-3.25;-6.3125;17.6875
191235;11.67;1.59;-3.51;-4.9375;-4.6875;14.75
191235;12.36;1.41;-3.43;-8.3125;5.3125;7.8125
191235;12.78;0.51;-3.34;-10.375;12.0625;4.75
191235;9.48;0.81;-4.73;-23.8125;-11.625;28.5625
191235;9.77;0.66;-4.65;-24.6875;-14.1875;28.5625
191235;9.8;0.23;-4.21;-23.625;-5.9375;30.375
191235;7.8;-0.49;-2.95;-50.5625;21.625;36.0
191235;7.69;-0.97;-2.77;-49.25;21.375;34.875
191235;7.66;-1.05;-2.72;-47.5;18.6875;32.5625
191235;7.68;-0.85;-2.43;-47.6875;17.4375;31.0
191236;8.08;-0.06;-2.63;-74.375;17.5;19.5
191236;8.33;-0.09;-2.7;-77.0;15.3125;20.1875
191236;8.55;-0.09;-2.65;-77.375;15.1875;20.8125
191236;9.14;-0.27;-2.0;-91.75;-0.75;19.75
191236;9.27;-0.09;-1.89;-93.9375;-0.5625;19.125
191236;9.64;-0.04;-2.18;-100.375;2.1875;17.375
191236;9.64;-0.19;-2.31;-101.6875;4.0;17.6875
191236;9.47;0.38;-0.98;-101.4375;-5.25;11.125
191236;9.43;0.75;-0.77;-104.1875;-3.375;11.3125
191236;9.33;1.03;-0.77;-111.0;1.75;10.5625
191236;11.33;-0.77;-3.81;-54.5;21.625;22.8125
191236;7.76;-1.35;-1.79;-47.75;14.9375;26.875
191236;7.47;-0.95;-1.22;-48.0625;0.8125;31.0
191236;8.69;-0.2;-2.95;-78.6875;6.3125;19.625
191236;9.45;-1.09;-3.41;-67.875;-5.6875;22.5
191236;9.57;-1.11;-3.45;-63.9375;-9.9375;22.375
191236;9.91;-0.31;-3.42;-59.6875;-12.1875;19.1875
191236;8.42;0.59;-2.85;-76.4375;-14.5;16.3125
191236;8.33;0.62;-2.75;-76.5;-12.625;16.8125
191237;8.48;0.47;-2.64;-74.8125;-11.625;17.0625
191237;9.27;0.26;-1.98;-59.4375;1.75;30.6875
191237;9.58;-0.03;-2.09;-50.1875;1.625;30.5
191237;9.71;-0.17;-2.03;-45.6875;2.0;29.625
191237;9.76;-0.19;-2.17;-40.25;3.8125;27.4375
191237;13.19;1.19;-4.91;-50.125;-2.625;2.0
191237;12.81;0.42;-4.54;-55.25;8.1875;-2.5
191237;11.66;0.02;-4.28;-54.0;38.625;-1.5625
191237;11.84;-1.11;-3.92;-84.25;23.375;27.75
191237;8.95;-1.43;-2.94;-72.9375;35.5;28.375
191237;8.17;-1.31;-2.62;-67.0625;35.625;26.5
191237;7.12;-0.61;-2.24;-62.375;25.4375;23.125
191237;9.74;-1.48;-2.15;-60.5;20.5625;18.5
191237;9.3;-0.84;-2.16;-58.6875;20.9375;18.625
191237;9.17;-0.48;-2.11;-58.5;17.5625;18.0
191237;9.36;-1.03;-1.38;-50.625;16.3125;8.6875
191237;9.01;-0.43;-1.39;-51.8125;11.4375;3.375
191237;8.96;-0.34;-1.44;-52.5625;8.5;1.3125
191237;8.72;-0.43;-1.5;-52.125;2.875;0.625
191237;9.79;-0.3;-1.74;-45.8125;4.0625;-6.625
191238;10.03;-0.77;-2.48;-45.8125;1.875;-9.125
191238;10.75;-1.41;-3.07;-38.0625;-9.6875;-7.875
191238;10.66;-0.53;-4.7;-36.5;-49.625;-5.5
191238;10.14;-0.69;-3.9;-33.0;-41.75;-0.5
191238;9.9;-0.74;-3.63;-31.4375;-37.375;0.8125
191238;8.66;0.91;-2.73;-27.625;-11.0625;-7.3125
191238;8.18;0.3;-2.61;-25.0625;-6.0;-7.8125
191238;8.09;0.21;-2.43;-24.375;-3.8125;-7.5625
191238;7.94;0.27;-2.35;-24.9375;-0.6875;-7.3125
191238;9.23;0.88;-2.94;-21.1875;1.9375;-9.75
191238;8.79;1.07;-2.79;-20.1875;2.25;-5.625
191238;8.69;1.09;-2.77;-20.0;2.0;-4.1875
191238;9.0;1.14;-2.22;-17.9375;-9.5;-0.25
191238;9.13;1.28;-2.27;-19.625;-10.6875;2.25
191238;9.21;1.36;-2.38;-20.25;-10.75;2.6875
191238;9.87;1.38;-2.47;-20.75;-10.75;2.6875
191238;9.63;1.2;-4.5;18.125;7.5;5.0
191238;10.73;1.8;-5.55;20.0;-8.1875;3.25
191238;11.67;1.49;-5.4;14.25;-14.5;1.6875
191238;10.2;-1.07;-4.07;32.3125;-7.875;21.6875
191239;10.32;-1.09;-3.76;24.5;-3.25;21.375
191239;10.65;-0.98;-3.21;19.0625;-2.4375;20.1875
191239;10.81;-0.56;-2.99;7.0625;-1.875;17.75
191239;8.16;-1.35;-2.18;-7.125;4.6875;14.375
191239;7.86;-1.13;-2.17;-7.875;6.25;11.25
191239;7.58;-1.02;-2.2;-8.5625;6.4375;9.8125
191239;7.18;-0.58;-2.02;-9.4375;7.5625;8.875
191239;8.92;-1.18;-1.84;-2.0;9.875;13.625
191239;9.25;-1.15;-2.02;-4.125;11.375;11.375
191239;9.36;-1.16;-2.42;-7.9375;13.9375;7.4375
191239;9.41;-1.21;-1.18;-4.875;3.3125;4.4375
191239;9.38;-1.11;-1.17;-3.25;3.75;3.0
191239;9.4;-1.04;-1.15;-3.0625;3.5625;1.9375
191239;9.23;-0.99;-1.01;-5.5;5.1875;-0.6875
191239;14.78;-1.64;-4.4;0.0625;-13.625;-8.375
191239;16.19;-0.19;-3.7;-4.5625;0.75;-3.1875
191239;14.58;2.11;-3.37;-13.0;18.25;1.5625
191239;10.51;-0.95;-2.98;-27.125;-8.1875;-3.8125
191239;9.43;-0.54;-2.71;-20.375;-2.875;-5.1875
191239;8.64;-0.35;-2.52;-19.1875;-2.625;-7.1875
191240;8.1;-0.42;-2.43;-17.375;-3.3125;-12.5625
191240;7.88;0.04;-2.56;-4.6875;-0.5;-8.875
191240;7.96;0.06;-2.53;-3.5;0.8125;-8.1875
191240;7.95;0.33;-2.39;-2.1875;2.125;-6.8125
191240;9.22;0.6;-2.56;1.5;1.5625;-5.75
191240;9.23;0.59;-2.47;1.6875;1.4375;-5.75
191240;9.23;0.6;-2.36;1.1875;0.8125;-5.5
191240;9.18;0.63;-2.36;0.9375;-0.375;-5.8125
191240;9.58;1.08;-2.11;4.0;-11.375;-2.125
191240;9.74;1.03;-2.12;3.5625;-10.1875;-1.4375
191240;9.8;1.07;-2.04;4.75;-8.125;-0.0625
191240;9.84;1.08;-1.84;5.4375;-7.1875;0.125
191240;10.1;1.19;-3.71;30.75;4.4375;4.125
191240;11.49;2.29;-3.22;24.4375;0.75;2.125
191240;13.01;1.08;-3.08;8.0;5.0;-8.125
191240;13.08;0.43;-3.25;0.625;18.375;-12.25
191240;9.95;-1.13;-3.55;37.3125;6.0625;8.375
191240;9.77;-0.83;-3.09;31.75;5.125;9.5
191240;9.71;-0.67;-3.13;28.3125;3.6875;10.8125
191240;7.73;-0.83;-2.36;-7.125;4.1875;11.625
191240;7.71;-1.0;-2.33;-8.125;2.75;12.0
191241;7.7;-0.87;-2.15;-9.5625;0.625;13.875
191241;7.67;-0.76;-2.13;-11.1875;1.0625;14.1875
191241;8.19;-1.07;-2.07;-3.4375;7.875;11.0625
191241;8.71;-1.24;-2.0;-1.875;7.5625;10.9375
191241;8.86;-1.29;-1.93;-2.75;8.3125;10.4375
191241;8.54;-0.53;-1.65;-18.0625;-2.4375;-2.5625
191241;8.71;-0.99;-1.53;-20.375;-3.5625;-3.0625
191241;9.03;-1.3;-1.59;-20.5625;-4.125;-2.625
191241;9.34;-1.36;-1.6;-19.625;-4.5625;-2.75
191241;12.56;-1.96;-4.37;-3.6875;-11.3125;-10.875
191241;13.69;-1.57;-3.8;-1.5;-6.8125;-7.0625
191241;13.95;-0.92;-3.6;-1.3125;-0.875;-4.625
191241;10.13;-0.08;-4.11;-10.0;-15.25;-9.8125
191241;9.87;-0.34;-3.31;-9.6875;-11.9375;-7.1875
191241;9.85;-0.41;-3.14;-8.8125;-11.375;-6.0625
191241;9.35;-0.47;-3.04;-6.5625;-10.5625;-7.3125
191241;7.34;0.65;-2.32;-7.0625;-5.125;-17.4375
191241;7.8;0.61;-2.56;-11.375;-4.6875;-18.75
191241;7.91;0.46;-2.68;-11.25;-3.4375;-17.9375
191241;9.42;0.47;-2.59;-3.0;3.25;-16.375
191242;9.23;0.85;-2.61;-4.1875;7.625;-13.75
191242;9.25;0.98;-2.56;-4.0;8.0;-13.0625
191242;9.23;0.89;-2.59;-3.1875;7.375;-11.125
191242;8.85;1.18;-2.57;3.0;-6.8125;-4.0625
191242;9.1;1.22;-2.52;4.125;-8.25;-3.3125
191242;9.28;1.26;-2.4;4.9375;-7.5625;-2.5
191242;9.77;0.14;-2.95;28.75;12.3125;8.3125
191242;9.86;0.77;-4.23;36.5625;5.5;7.5625
191242;10.35;1.25;-4.25;35.375;1.125;5.625
191242;12.59;0.88;-4.4;24.25;1.0;-0.8125
191242;10.2;-0.41;-4.1;32.3125;-11.0;10.5
191242;10.22;-0.38;-3.92;26.5625;-9.1875;10.6875
191242;9.99;-0.44;-3.7;23.8125;-7.4375;10.4375
191242;8.04;-0.65;-2.18;-6.1875;7.875;17.375
191242;7.86;-1.07;-2.16;-7.8125;7.8125;17.375
191242;7.85;-1.19;-2.07;-7.4375;7.8125;17.1875
191242;7.85;-1.32;-2.27;-4.8125;7.0;16.125
191242;8.65;-1.0;-2.14;-4.6875;19.5;13.5
191242;8.56;-1.29;-2.03;-2.25;18.0625;13.5625
191242;8.44;-1.25;-1.92;-2.0;17.0625;13.3125
191243;8.35;-1.0;-1.95;-2.8125;15.125;11.1875
191243;9.06;-1.4;-1.06;-3.375;4.0625;-0.3125
191243;9.44;-1.18;-0.81;-5.25;5.0;-1.5625
191243;9.46;-0.93;-0.97;-7.6875;8.1875;-3.5625
191243;13.19;-2.88;-4.19;-9.625;-6.0;-5.75
191243;14.86;-2.27;-3.82;2.1875;2.875;0.25
191243;15.16;-0.79;-3.44;5.875;8.4375;2.9375
191243;12.66;0.1;-3.07;2.375;10.1875;1.0
191243;10.59;-0.41;-3.55;-16.5;-4.75;-6.8125
191243;9.61;-0.16;-3.19;-15.5;-3.3125;-7.75
191243;9.41;-0.1;-3.08;-13.625;-4.375;-9.625
191243;7.08;0.16;-2.32;-2.0625;-5.8125;-13.25
191243;7.0;0.26;-2.53;-0.5;-6.9375;-11.0
191243;7.02;0.36;-2.65;1.4375;-7.3125;-10.25
191243;7.13;0.58;-2.38;5.4375;-6.25;-8.875
191243;9.43;0.54;-2.4;4.75;2.6875;-7.5625
191243;9.08;0.93;-2.28;4.5;3.6875;-7.1875
191243;9.05;0.94;-2.25;4.9375;3.875;-7.4375
191243;9.32;1.3;-2.2;5.375;-10.3125;-3.9375
191243;9.22;0.86;-2.16;5.0;-10.375;-2.375
191244;9.23;0.65;-2.12;5.375;-10.625;-1.875
191244;9.5;0.63;-2.06;5.6875;-11.375;-0.9375
191244;10.64;-0.38;-3.61;25.4375;2.8125;15.875
191244;10.61;0.92;-5.6;25.0;-4.1875;16.75
191244;11.24;1.46;-6.16;13.8125;-24.6875;11.5625
191244;13.76;0.94;-5.56;7.875;-22.8125;7.625
191244;11.33;-0.35;-4.02;-0.0625;-8.25;24.75
191244;11.64;-0.49;-3.21;-5.375;-1.5;23.75
191244;11.11;-0.69;-3.11;-12.9375;9.4375;20.0625
191244;8.03;-0.62;-2.37;-18.875;9.9375;16.9375
191244;7.76;-0.71;-2.57;-20.3125;10.6875;16.6875
191244;7.66;-0.62;-2.62;-22.0;9.8125;17.0
191244;7.57;-0.42;-2.55;-22.3125;9.3125;17.375
191244;8.92;-0.91;-2.34;-31.5625;16.9375;13.4375
191244;9.06;-0.95;-2.28;-32.4375;17.625;12.9375
191244;9.51;-1.05;-2.12;-33.375;19.5625;12.6875
191244;8.86;-1.58;-1.82;-38.9375;13.0625;9.3125
191244;8.73;-1.43;-1.8;-39.0625;13.125;8.25
191244;8.83;-1.47;-1.58;-38.3125;11.1875;6.625
191244;8.95;-1.05;-0.61;-56.125;5.875;2.0625
191245;9.19;-1.19;-0.9;-56.9375;-0.375;2.3125
191245;9.17;-0.95;-0.95;-55.875;-3.4375;3.25
191245;9.75;-1.03;-0.9;-53.0;-6.625;2.4375
191245;9.39;-0.08;-3.21;-50.0;-6.375;1.375
191245;10.01;-0.54;-3.74;-48.6875;-18.875;-0.5625
191245;10.51;-0.38;-4.08;-47.125;-32.6875;-2.0
191245;9.02;-0.42;-3.16;-37.3125;-9.8125;-1.75
191245;9.17;0.09;-2.37;-33.75;-8.1875;-1.8125
191245;9.22;0.41;-2.29;-34.625;-6.5625;-1.0
191245;9.13;0.98;-2.3;-34.625;-0.6875;-1.625
191245;8.28;0.52;-2.85;-25.375;-1.625;2.3125
191245;7.96;0.62;-2.66;-27.0625;-1.6875;1.75
191245;7.78;0.68;-2.64;-31.75;-2.8125;-0.3125
191245;9.01;0.0;-2.01;-35.4375;-6.9375;10.6875
191245;9.12;0.31;-1.83;-35.5625;-4.0625;16.0625
191245;9.12;0.46;-1.84;-35.625;-3.875;18.0625
191245;9.09;0.67;-1.83;-36.6875;-4.6875;21.4375
191245;9.99;-0.99;-1.44;-19.4375;11.625;25.375
191245;9.61;-0.62;-0.78;-16.25;13.5;25.1875
191245;9.37;-0.19;-0.63;-14.125;14.9375;22.9375
191246;13.65;0.9;-4.24;-117.8125;36.625;-6.6875
191246;11.79;-0.07;-5.26;-99.375;47.375;14.0625
191246;10.52;-0.05;-4.94;-85.75;43.5;26.625
191246;8.17;0.44;-3.93;-68.0;25.75;37.375
191246;9.56;-0.94;-4.34;-118.5625;19.0625;36.0
191246;8.73;-0.47;-3.52;-119.375;17.125;35.1875
191246;8.68;-0.36;-3.37;-122.5;12.75;34.25
191246;9.06;-1.17;-2.59;-102.5;10.1875;26.5
191246;8.93;-1.05;-2.39;-100.0625;9.4375;24.5
191246;8.88;-1.02;-2.31;-98.0625;7.9375;22.8125
191246;8.56;-1.25;-2.15;-74.625;-11.4375;8.25
191246;8.63;-1.16;-2.06;-72.875;-12.4375;6.3125
191246;9.07;-1.08;-2.13;-71.875;-11.875;4.9375
191246;9.23;-1.19;-2.18;-67.375;-10.0;2.625
191246;9.56;0.54;-1.39;-68.1875;7.5;-6.8125
191246;10.07;0.24;-3.92;-74.0625;4.9375;-8.5
191246;10.64;0.24;-4.31;-75.375;-1.25;-8.3125
191246;9.47;0.29;-4.5;-91.5;-16.1875;10.0
191246;12.63;1.25;-4.22;-81.3125;-10.4375;3.875
191246;12.67;2.0;-3.35;-72.0625;-1.8125;3.625
191247;10.59;3.08;-2.0;-64.125;21.25;3.25
191247;8.98;0.45;-2.99;-44.3125;-2.5625;6.25
191247;8.79;0.7;-2.53;-37.9375;-5.0;2.25
191247;8.88;0.87;-2.4;-37.5;-6.4375;0.4375
191247;8.91;1.14;-1.86;-30.625;-9.4375;-5.3125
191247;8.81;1.38;-1.91;-29.3125;-11.75;-3.0625
191247;8.79;1.51;-2.08;-28.6875;-11.8125;-2.25
191247;8.73;1.61;-2.14;-26.6875;-13.0;-1.125
191247;9.56;1.57;-1.63;-26.0;-11.6875;5.9375
191247;9.72;1.32;-1.71;-25.0;-8.3125;5.625
191247;9.8;1.39;-1.66;-23.125;-6.375;6.125
191247;11.83;1.46;-4.89;-5.75;13.0;-1.8125
191247;11.4;1.57;-4.1;0.4375;2.6875;4.875
191247;11.25;1.59;-3.89;1.125;-4.5;6.375
191247;11.05;1.36;-4.06;-4.75;-13.3125;8.5625
191247;9.38;-0.45;-3.45;-1.5625;-6.375;15.9375
191247;9.46;-0.43;-3.4;-2.3125;-3.5625;15.375
191247;9.52;-0.48;-3.25;-1.9375;-3.0;14.625
191247;9.46;-0.02;-3.06;-3.0625;-1.0;14.5625
191247;8.69;-0.5;-2.86;-18.9375;12.625;20.5625
191248;8.35;-0.54;-2.71;-19.5;14.25;20.4375
191248;8.21;-0.49;-2.52;-20.75;16.125;20.125
191248;8.8;-0.36;-2.25;-32.8125;13.4375;22.25
191248;8.86;-0.68;-2.09;-32.625;12.5625;20.75
191248;8.89;-0.9;-2.04;-31.6875;12.25;19.625
191248;9.23;-1.0;-1.83;-19.0;2.125;6.5625
191248;9.13;-0.72;-1.66;-16.6875;1.25;4.625
191248;8.83;-0.54;-1.66;-16.5625;1.625;3.25
191248;8.42;-0.68;-1.62;-17.4375;-1.625;0.6875
191248;10.27;-0.41;-1.61;-12.75;-15.75;-5.8125
191248;10.44;-0.34;-2.06;-14.0625;-16.3125;-4.8125
191248;10.47;-0.38;-2.36;-14.0625;-14.9375;-4.75
191248;9.56;-1.0;-2.89;2.625;-11.3125;-3.5625
191248;11.08;-0.98;-4.79;2.75;-30.4375;-7.875
191248;11.75;-0.88;-5.16;1.125;-36.5625;-8.375
191248;12.54;-0.01;-5.03;-6.875;-34.75;-5.375
191248;9.01;-0.57;-2.41;-25.875;-11.4375;-11.8125
191248;8.39;-0.38;-2.41;-21.6875;-4.75;-11.5625
191248;8.29;-0.26;-2.2;-20.1875;-3.3125;-12.4375
191249;8.84;0.43;-2.79;-10.375;4.9375;-12.3125
191249;8.73;0.73;-2.69;-10.4375;8.4375;-12.375
191249;8.67;0.93;-2.67;-13.0;10.0625;-12.6875
191249;8.96;0.68;-2.08;-12.5;2.125;-9.25
191249;8.8;0.98;-2.07;-12.1875;2.125;-8.4375
191249;8.63;1.26;-2.05;-12.25;-0.3125;-6.375
191249;8.64;1.4;-1.95;-12.0;-2.5;-5.0625
191249;9.78;1.37;-1.59;5.25;5.0;6.0
191249;10.05;1.19;-1.49;10.875;6.6875;6.875
191249;10.53;0.7;-1.5;15.0625;9.6875;6.0625
191249;9.94;0.12;-2.08;27.75;15.625;6.4375
191249;7.19;-0.18;-5.1;44.125;-4.0625;16.1875
191249;8.64;0.0;-4.91;57.6875;-29.3125;19.9375
191249;10.35;-0.28;-4.67;57.5625;-33.4375;20.0625
191249;8.95;-0.64;-3.9;3.125;-1.0;19.5
191249;8.81;-0.99;-3.69;4.6875;0.625;21.625
191249;8.84;-1.48;-2.81;8.75;2.25;23.9375
191249;8.96;-1.72;-2.33;8.125;4.6875;21.0625
191249;7.75;-0.43;-2.03;-3.5;10.875;8.0
191249;8.03;-0.56;-2.07;-4.5625;14.1875;7.9375
191249;7.85;-0.56;-1.63;-2.4375;13.8125;9.5
191250;9.04;-0.92;-1.8;-3.0625;3.25;5.6875
191250;8.99;-0.95;-1.9;-1.75;0.4375;4.875
191250;9.06;-1.18;-1.62;-0.625;-0.0625;5.0
191250;9.16;-1.27;-1.46;0.25;1.0;4.5
191250;9.59;0.02;-3.0;-10.8125;1.875;-9.0625
191250;10.38;-0.97;-4.64;-14.0;-8.75;-9.5625
191250;11.8;-1.9;-4.78;-12.5625;-15.0;-8.8125
191250;13.61;-2.05;-4.12;-3.0;-15.0625;-5.8125
191250;10.6;-0.04;-4.0;-16.875;-17.3125;-11.625
191250;9.96;-0.2;-3.7;-18.875;-11.3125;-10.375
191250;9.5;-0.24;-3.36;-19.1875;-6.0;-6.4375
191250;8.15;-0.47;-2.51;-4.25;-5.75;-3.875
191250;7.72;-0.16;-2.29;-3.5;-4.875;-5.6875
191250;7.01;0.58;-2.08;-5.0625;-5.625;-7.0
191250;8.07;-0.34;-2.46;-15.75;6.875;-15.6875
191250;8.05;-0.15;-2.35;-12.6875;4.5625;-15.6875
191250;8.43;0.47;-2.07;-11.4375;3.875;-15.75
191250;8.51;0.75;-1.97;-12.0625;3.3125;-14.5625
191250;9.0;0.94;-1.44;-4.0;0.8125;1.875
191250;9.19;1.11;-1.78;-4.375;0.1875;3.3125
191251;9.23;1.12;-1.9;-4.125;-0.25;3.75
191251;9.09;0.96;-1.96;-1.375;-1.625;4.875
191251;10.57;0.83;-2.56;27.625;2.625;9.6875
191251;11.01;1.35;-3.7;28.25;1.9375;7.625
191251;12.04;2.0;-3.99;28.5;2.125;4.5
191251;10.17;0.0;-4.54;37.75;-15.6875;12.375
191251;9.72;-0.72;-3.86;33.25;-9.3125;12.5
191251;9.89;-0.64;-3.49;30.375;-10.5;11.9375
191251;10.1;-0.37;-3.05;23.25;-12.8125;10.4375
191251;8.83;-1.07;-2.86;4.375;0.875;7.6875
191251;8.25;-0.98;-2.59;1.4375;2.625;8.0625
191251;8.13;-0.94;-2.53;1.1875;3.0625;7.9375
191251;8.1;-0.42;-2.39;-12.5625;-0.875;11.0
191251;8.34;-1.04;-2.34;-12.0625;1.3125;11.5625
191251;8.36;-1.12;-2.38;-11.625;1.6875;11.8125
191251;8.48;-1.11;-2.31;-11.125;1.1875;10.625
191251;9.21;-0.9;-1.99;-5.0;0.8125;5.75
191251;9.3;-0.41;-1.76;-5.0;1.6875;5.75
191251;9.34;-0.26;-1.73;-11.0;4.875;3.9375
191251;9.68;-0.39;-1.86;-12.6875;6.25;2.625
191252;11.97;-0.21;-3.65;-6.25;15.4375;-2.125
191252;11.4;0.13;-3.68;-4.1875;15.625;-4.375
191252;10.45;-0.38;-3.67;-4.875;7.375;-9.6875
191252;9.73;0.69;-3.83;-23.75;-2.1875;-9.875
191252;9.69;-0.14;-3.82;-22.9375;-2.0625;-8.6875
191252;9.71;-0.35;-3.75;-16.4375;-3.4375;-6.1875
191252;9.43;-0.44;-3.17;-13.1875;-4.0625;-5.375
191252;7.76;0.77;-2.43;-0.9375;-5.0625;-7.8125
191252;7.77;0.74;-2.46;-0.875;-5.1875;-7.9375
191252;7.77;0.45;-2.45;1.8125;-5.625;-8.875
191252;8.57;0.58;-2.29;3.625;-0.9375;-12.625
191252;8.63;0.65;-2.37;3.3125;-1.4375;-12.1875
191252;8.68;0.74;-2.4;2.75;-2.9375;-10.9375
191252;8.94;0.73;-2.48;3.5625;-3.25;-9.9375
191252;9.24;1.14;-2.26;2.3125;-5.25;0.75
191252;9.28;1.01;-2.2;2.25;-4.4375;1.75
191252;9.41;0.71;-2.18;4.0;-3.4375;3.5
191252;9.34;0.73;-2.21;7.3125;-2.375;5.0625
191252;9.84;0.69;-2.15;17.1875;-5.125;12.375
191252;9.86;0.59;-2.3;19.9375;-4.3125;12.4375
191252;9.91;0.52;-2.74;20.0;-3.875;12.3125
191253;11.99;0.82;-4.82;20.5625;-17.3125;2.9375
191253;12.08;0.69;-5.12;26.75;-15.375;5.625
191253;10.3;0.29;-5.2;36.0;-6.9375;9.25
191253;9.91;0.17;-4.89;37.625;-5.3125;9.3125
191253;10.47;0.01;-3.19;8.5625;-5.375;10.3125
191253;9.64;-0.08;-2.85;1.8125;0.3125;12.0
191253;9.34;-0.21;-2.76;-1.4375;3.625;12.5625
191253;9.01;-0.35;-2.78;-7.75;6.5625;13.375
191253;7.87;-0.54;-2.5;-10.5;12.625;8.8125
191253;7.72;-0.59;-2.57;-11.875;13.5;9.5
191253;7.79;-0.66;-2.56;-15.3125;15.6875;11.0625
191253;8.71;-0.6;-2.47;-19.5625;14.125;5.0625
191253;8.8;-0.54;-2.45;-18.1875;12.4375;3.6875
191253;8.85;-0.57;-2.37;-19.0625;11.75;2.8125
191253;8.81;-0.54;-2.45;-19.3125;9.9375;2.0625
191253;9.49;-0.72;-1.35;-10.375;1.75;-6.875
191253;9.47;-0.37;-1.58;-11.0;1.9375;-7.0625
191253;9.6;-0.55;-1.74;-11.4375;1.375;-7.1875
191253;11.69;-0.95;-2.76;7.625;12.5;4.5
191253;10.75;0.06;-2.7;7.0625;4.625;1.5625
191254;10.73;-0.14;-2.9;5.5;3.0;-2.625
191254;10.88;-0.35;-3.1;3.5;-4.4375;-10.375
191254;8.85;0.04;-3.42;-11.25;-24.6875;-7.0625
191254;9.24;-0.04;-3.2;-12.3125;-25.625;-7.125
191254;9.34;-0.09;-3.14;-10.5;-23.75;-7.1875
191254;8.32;0.96;-2.24;-6.875;-14.5;-12.3125
191254;8.93;0.8;-2.29;-10.625;-11.4375;-11.125
191254;9.02;0.71;-2.27;-12.5625;-9.125;-10.4375
191254;8.49;1.0;-2.35;-9.625;0.3125;-10.5625
191254;8.6;0.9;-2.33;-9.875;0.5625;-8.8125
191254;8.7;0.63;-2.29;-10.25;1.0625;-7.4375
191254;8.67;0.64;-2.24;-9.25;1.0;-4.0
191254;9.08;0.56;-2.16;1.4375;-2.375;6.6875
191254;9.07;0.6;-1.91;5.25;-2.9375;7.125
191254;8.98;0.7;-1.9;6.125;-3.0;8.0625
191254;9.08;0.98;-1.86;7.875;-5.0;8.875
191254;12.39;0.27;-2.73;21.375;13.125;-5.875
191254;12.21;-0.03;-3.08;18.125;20.4375;-8.6875
191254;11.3;0.31;-3.47;14.6875;18.75;-14.25
191254;9.4;-0.37;-4.6;24.75;-7.3125;10.5
191255;9.54;0.0;-4.23;23.5;-10.8125;15.3125
191255;9.75;0.09;-4.05;21.5625;-10.0625;17.0625
191255;9.94;0.33;-3.15;16.875;-3.9375;18.4375
191255;7.65;-0.77;-2.19;-14.8125;13.6875;10.4375
191255;7.62;-0.83;-2.09;-14.0;13.5;9.75
191255;7.37;-0.9;-2.09;-11.0625;15.0;7.5
191255;8.17;-0.54;-2.24;-10.8125;16.4375;6.4375
